image_path,sha256,label
/home/test/data/btad_original/BTech_Dataset_transformed/03/train/ok/0000.bmp,386b69d2897a7ccc850d201a0e9ab2ce842b7aacfb8703269e55eb3702543aa1,0
/home/test/data/btad_original/BTech_Dataset_transformed/03/train/ok/0001.bmp,98d528a7d7b005ef6ec4b7c743d6c17c0bcbcf79ae9b01861c9b7b3943529c56,0
/home/test/data/btad_original/BTech_Dataset_transformed/03/train/ok/0002.bmp,b1447d8340f4a7a7624536ece3996cbf4a3616450d2890b4c8ae6187f1c320c4,0
/home/test/data/btad_original/BTech_Dataset_transformed/03/train/ok/0003.bmp,4e8e10069b176fa422f263493d206892b8691304d12fd2c1e4cc6933c127dfff,0
/home/test/data/btad_original/BTech_Dataset_transformed/03/train/ok/0004.bmp,53215ac70ac50e6d5234f5ed97d24de8213de0d3089ecd6577ec916da4eaf7c4,0
/home/test/data/btad_original/BTech_Dataset_transformed/03/train/ok/0005.bmp,899fc437215e2de1f12a05906ac58cd39aa2aa99bddf886b836362b3ee0ee3a3,0
/home/test/data/btad_original/BTech_Dataset_transformed/03/train/ok/0006.bmp,cae2ca1e66d7c74c17fb55e097b31bdcddb186dcafdb928eeee0c4c5d3a95b88,0
/home/test/data/btad_original/BTech_Dataset_transformed/03/train/ok/0007.bmp,095dceb97931b9944c3df8f8ef2085a271ec11d410f5f3a004208cd6696dc96a,0
/home/test/data/btad_original/BTech_Dataset_transformed/03/train/ok/0008.bmp,21353bd9f02283ee669bf5f14d452acc145e1f0ccc4ac30bea8d5d918bc94aa9,0
/home/test/data/btad_original/BTech_Dataset_transformed/03/train/ok/0009.bmp,0cea46176bc707ca58a51a9d2e55676fec99bfc8e205e7c27783cedbef879060,0
/home/test/data/btad_original/BTech_Dataset_transformed/03/train/ok/0010.bmp,daa9f66b5935ea800f5a95fee467dc197022fbd896a8ba352527f1d3a0afb3ec,0
/home/test/data/btad_original/BTech_Dataset_transformed/03/train/ok/0011.bmp,0a29346064a3aa399db80c1e2c0b80cc469ac034a28b80c238609473f7508885,0
/home/test/data/btad_original/BTech_Dataset_transformed/03/train/ok/0012.bmp,40e3785197ac5c882c8a5c5b80f1b366761eff6025ef89e65b926e7bdce1dcd1,0
/home/test/data/btad_original/BTech_Dataset_transformed/03/train/ok/0013.bmp,c89baa9bd3176c3388d4af3eb44e632f2e3be6fe9981812b2247c50dd791d925,0
/home/test/data/btad_original/BTech_Dataset_transformed/03/train/ok/0014.bmp,6881795e04c99d61def05aa4ed1b46c4d25eb9de67f97bd468021052e5deada1,0
/home/test/data/btad_original/BTech_Dataset_transformed/03/train/ok/0015.bmp,c4d2f7c8648d72d634f9db64e27d877e58c3ad85cde094914aac11f4d011a7cd,0
/home/test/data/btad_original/BTech_Dataset_transformed/03/train/ok/0016.bmp,46cb4cfd4202484740138240727f10a8bc9e5897c5c884a62c9c044fd331c8fc,0
/home/test/data/btad_original/BTech_Dataset_transformed/03/train/ok/0017.bmp,454c91dfc3bc93cf2b560cab5aca222f8b408482373d640430e98ed0f451e503,0
/home/test/data/btad_original/BTech_Dataset_transformed/03/train/ok/0018.bmp,a6e2c7da1ed3992318079909ca1507a05863b59993668f83a9e3272e40399668,0
/home/test/data/btad_original/BTech_Dataset_transformed/03/train/ok/0019.bmp,6ab380503fa15e47fa3c838a308140e60aa97f122dfffb84ba96c597c586bc85,0
/home/test/data/btad_original/BTech_Dataset_transformed/03/train/ok/0020.bmp,6fccc191c0782fedff8b7dcd15600008bf8cbbdc6a737c1823d990436252af1d,0
/home/test/data/btad_original/BTech_Dataset_transformed/03/train/ok/0021.bmp,c4e5b93f96ba2a58f5f70bbe068401a02de295724b6a620538fb8887c5bdac0b,0
/home/test/data/btad_original/BTech_Dataset_transformed/03/train/ok/0022.bmp,30675459d96d666ef0e2cb386db5b684fdfdd69f8a4548f04aa46915ce941c75,0
/home/test/data/btad_original/BTech_Dataset_transformed/03/train/ok/0023.bmp,68c6538752e5f00e515e90e93919c9260dd3acb5fa4aab0c5bc08d236089951f,0
/home/test/data/btad_original/BTech_Dataset_transformed/03/train/ok/0024.bmp,efd27b8f1b259e772f27df00e39fcdf062e8c02febd0beb2512bbf59d48994db,0
/home/test/data/btad_original/BTech_Dataset_transformed/03/train/ok/0025.bmp,8fa063f3032366764edfced0a381e042a9fa9f4f3524d4689881fc0c2b4aed8c,0
/home/test/data/btad_original/BTech_Dataset_transformed/03/train/ok/0026.bmp,96e4ca7d24192dbbf73a23ca402030855ca04cd0c7f91bbb1f884ef316142c74,0
/home/test/data/btad_original/BTech_Dataset_transformed/03/train/ok/0027.bmp,d637583e4a5aa9b06557ef5bdea92df1ccd2c1340f6bf171d7d42b079bd772ca,0
/home/test/data/btad_original/BTech_Dataset_transformed/03/train/ok/0028.bmp,e960d3d9b1d7ccc7de433b7f24b916d198d3b4885d7b3cac5626d8bc64f36cb0,0
/home/test/data/btad_original/BTech_Dataset_transformed/03/train/ok/0029.bmp,510b355b7011fd5dca96762164d3bcd4ef6a4ae5bcf1826eefbc17818a9c8fee,0
/home/test/data/btad_original/BTech_Dataset_transformed/03/train/ok/0030.bmp,71860dd068b2057d8db6acdd426023ba45a0e2ce8f24a963f92bc1c06a928a6d,0
/home/test/data/btad_original/BTech_Dataset_transformed/03/train/ok/0031.bmp,bba3770e3951f51c3b2f7e912eeb9d1d50339f87bb2b01e3b75583934dacabaa,0
/home/test/data/btad_original/BTech_Dataset_transformed/03/train/ok/0032.bmp,26498b23174babb509a0c5e3968331a2aac341de1225d5bfbe6ca2760f83675a,0
/home/test/data/btad_original/BTech_Dataset_transformed/03/train/ok/0033.bmp,b2b32dc19d54b8ad8a16bd46b9bd515c35dddb4509cedbfe24f8d13780520e20,0
/home/test/data/btad_original/BTech_Dataset_transformed/03/train/ok/0034.bmp,9744b15d97633e6ab797bfa73f38165a4ca72a5f8177dcb18969934ae70e92d8,0
/home/test/data/btad_original/BTech_Dataset_transformed/03/train/ok/0035.bmp,68384f3249f7f036775710101f8b6673b0880fe82eff7a8d15b30f788e927ba6,0
/home/test/data/btad_original/BTech_Dataset_transformed/03/train/ok/0036.bmp,30a6e52289ca930e815516ba53a721ee1d3179621ae45ab9e7ffe3778b2f5571,0
/home/test/data/btad_original/BTech_Dataset_transformed/03/train/ok/0037.bmp,234c55a146abb11deb2bc898d7e2ed0a6a823017f854aeb7289c28d5f9f4a0c7,0
/home/test/data/btad_original/BTech_Dataset_transformed/03/train/ok/0038.bmp,8c2ad2ba82ec58f4f3f7974fb32bb90d70e6c6ade4421ddfcdeae159f1b2ce0a,0
/home/test/data/btad_original/BTech_Dataset_transformed/03/train/ok/0039.bmp,80854938d707b5514c488686578bac4e102036c0db5a2a8a116450b460939976,0
/home/test/data/btad_original/BTech_Dataset_transformed/03/train/ok/0040.bmp,ab6c530b8582bd7fa477ead91c9bbaaee58bdf4767825c04c0e8e876017803e4,0
/home/test/data/btad_original/BTech_Dataset_transformed/03/train/ok/0041.bmp,8b55a223703bba21339215216df184cb911955e389b5559f9b7df88f331042a0,0
/home/test/data/btad_original/BTech_Dataset_transformed/03/train/ok/0042.bmp,5a7a1983141511e9881f63271b67f61fe9682dfd8bf78c88b4be2c5d8a90d0ed,0
/home/test/data/btad_original/BTech_Dataset_transformed/03/train/ok/0043.bmp,0b270a171c58c93231312fb6aad43b819e6f54debe217e71e27a01c9cab7d68f,0
/home/test/data/btad_original/BTech_Dataset_transformed/03/train/ok/0044.bmp,41818cc1de77a0878f1192f5832892edfc16f197f4be19a1b4b9e5d711a3b871,0
/home/test/data/btad_original/BTech_Dataset_transformed/03/train/ok/0045.bmp,7bb4af0eff52070cfcccc163c0b10f0aacac67fa72df37742df1c05c5971d6e0,0
/home/test/data/btad_original/BTech_Dataset_transformed/03/train/ok/0046.bmp,01e0d542fd25da4dbd7f90b5d1bd16734830bfa311d16f1840c1ae2b29ff3e1e,0
/home/test/data/btad_original/BTech_Dataset_transformed/03/train/ok/0047.bmp,cb44da005adc0e00e38f15aa12aebfd37271180b88d4f6f71cf9a3370b33ca85,0
/home/test/data/btad_original/BTech_Dataset_transformed/03/train/ok/0048.bmp,45ca8d187f8309a096244689176916514485fb0b65683ca7703a408d2fa88c2d,0
/home/test/data/btad_original/BTech_Dataset_transformed/03/train/ok/0049.bmp,12c7011e64be62bbd974a5a2959131deec6d8117c927b9d073b05737fc2f1f3d,0
/home/test/data/btad_original/BTech_Dataset_transformed/03/train/ok/0050.bmp,fa1235b05e125e250af1670b97ddbfce37bfe44256f4fd64d3d54bf5f409f0b9,0
/home/test/data/btad_original/BTech_Dataset_transformed/03/train/ok/0051.bmp,fc8a38d1f95b79d4d65417025b5212125784c10a933c8dfe35d98ef674f0fed6,0
/home/test/data/btad_original/BTech_Dataset_transformed/03/train/ok/0052.bmp,c5205b738d3de888641b6de328a9309eb322b0fc4e371023c6442286bd5760b1,0
/home/test/data/btad_original/BTech_Dataset_transformed/03/train/ok/0053.bmp,c6be4e389181570755a748fcf9d64c70a2874bd36946112e9e1cb7048283b543,0
/home/test/data/btad_original/BTech_Dataset_transformed/03/train/ok/0054.bmp,56e3058615f6d7380c0e992096a33236e99764ee7d451c07ff4ae4535c645876,0
/home/test/data/btad_original/BTech_Dataset_transformed/03/train/ok/0055.bmp,6604591c055f1faf977b4e8b4389421b520e45788fae43ed147dbb1811cc49c8,0
/home/test/data/btad_original/BTech_Dataset_transformed/03/train/ok/0056.bmp,b9cef980d183aa42aec995212bd768483f824b35ab28b756de22ce6380e39097,0
/home/test/data/btad_original/BTech_Dataset_transformed/03/train/ok/0057.bmp,4d141989a085b5d4e2dcec58ad316dafbc3f93189d5ae633935edf098740b0d6,0
/home/test/data/btad_original/BTech_Dataset_transformed/03/train/ok/0058.bmp,dacfc9bd8f337745b43d0071e5c2c3496b02616286915bfe1857369a78d3b7f9,0
/home/test/data/btad_original/BTech_Dataset_transformed/03/train/ok/0059.bmp,d08cff91a6587595ea0df040110f913950a419678d60740b8e381032b44854ba,0
/home/test/data/btad_original/BTech_Dataset_transformed/03/train/ok/0060.bmp,5ddc2bafb2b0341129f1a9b3821c9c393a5dee959bcdc06b09250c4dae51441d,0
/home/test/data/btad_original/BTech_Dataset_transformed/03/train/ok/0061.bmp,6104bc027d9438108795d64ef0e3767d26d2faec93a3b5cf20089238e0575f4f,0
/home/test/data/btad_original/BTech_Dataset_transformed/03/train/ok/0062.bmp,0c4006f0fe07aba8ab1103f2cc0404e3e17bfdbc0f149d628f988ff256ffd67c,0
/home/test/data/btad_original/BTech_Dataset_transformed/03/train/ok/0063.bmp,0c361e22698f3202cde802d00cd407e460c330de04815e80d8b22de848367bb8,0
/home/test/data/btad_original/BTech_Dataset_transformed/03/train/ok/0064.bmp,6a9b54a2a60a3e14c5e51aa11bc0fdd8e975c4243637ad90a9192dd1909d8126,0
/home/test/data/btad_original/BTech_Dataset_transformed/03/train/ok/0065.bmp,2b6204ef43b8ef221fd43c90e1a100fce43423bb20f11aad46e305b4a29863d6,0
/home/test/data/btad_original/BTech_Dataset_transformed/03/train/ok/0066.bmp,1937073a673c7f9929e38bf083459b1fd3c7fe7535b402cb568c232e3bba6910,0
/home/test/data/btad_original/BTech_Dataset_transformed/03/train/ok/0067.bmp,73846fcfc3b98e2f969d20092e32700cce255cc1e6826400560dce63b2d20acb,0
/home/test/data/btad_original/BTech_Dataset_transformed/03/train/ok/0068.bmp,29922dcd4977199c4675ff46e04428edcece9723c405cc2de389dbc550504f91,0
/home/test/data/btad_original/BTech_Dataset_transformed/03/train/ok/0069.bmp,d5ff98d75250b542b861aaa52c0f218dc8d347ac9d17c2d968a05b5be8b61b9d,0
/home/test/data/btad_original/BTech_Dataset_transformed/03/train/ok/0070.bmp,d16e5dd8a3f7efe107709fa5ccd0fbc6449e071601e00fecfd7ca79286610bb4,0
/home/test/data/btad_original/BTech_Dataset_transformed/03/train/ok/0071.bmp,8656f592f2c4efacacbe94ffcf41fce2d2b7d1612dd806ed1b8cc4ed3e507503,0
/home/test/data/btad_original/BTech_Dataset_transformed/03/train/ok/0072.bmp,9cbde302f541d6f0fb5e503e5c61cbe98dc68aa7adc771763c389359b19d1da7,0
/home/test/data/btad_original/BTech_Dataset_transformed/03/train/ok/0073.bmp,60e66d8c1735006689fdff2dcf06eb50729dfb7be273783fdbcd30206587723c,0
/home/test/data/btad_original/BTech_Dataset_transformed/03/train/ok/0074.bmp,477225cba16acc4d02c571a9ec8b01be10b4c0d2b08f7a91cbeff661db6de15b,0
/home/test/data/btad_original/BTech_Dataset_transformed/03/train/ok/0075.bmp,ed6b286320b50cb6ac13c2328710d7aae36dfb0af9f40fde4be357009142c531,0
/home/test/data/btad_original/BTech_Dataset_transformed/03/train/ok/0076.bmp,8c9ebed046fda52f29ee999869846cc04bd1d1c2c82831cea20495ecc7bbf269,0
/home/test/data/btad_original/BTech_Dataset_transformed/03/train/ok/0077.bmp,c52b8d637cf28c652303bb6952a6e66e713e8ca98fa3a928148a16ab4a2ec95e,0
/home/test/data/btad_original/BTech_Dataset_transformed/03/train/ok/0078.bmp,e9d04a7c106934f1fbc59a9c556bd4abb0984e40e0bb2038cd66182f13892df7,0
/home/test/data/btad_original/BTech_Dataset_transformed/03/train/ok/0079.bmp,3df9de8d8b83d23d394ada52f7c49a2b08f300695724e3993c1a6e3b5708f062,0
/home/test/data/btad_original/BTech_Dataset_transformed/03/train/ok/0080.bmp,80939629aaa1e7f15df385136bfb6c8793afa0d027975b3a91dd15fa73d4d54b,0
/home/test/data/btad_original/BTech_Dataset_transformed/03/train/ok/0081.bmp,0f0352c537dac31f55f316284004f48749a9319d2365ea09ff2259e151300e58,0
/home/test/data/btad_original/BTech_Dataset_transformed/03/train/ok/0082.bmp,dace0b852b771992fdaffdc63e544b9d546cd6e1f83c983951fa97d0799f0a38,0
/home/test/data/btad_original/BTech_Dataset_transformed/03/train/ok/0083.bmp,7a54e2ec06eda5d3caebe531ffbfe0eacdb546d50dfb4de57f24a8450b239531,0
/home/test/data/btad_original/BTech_Dataset_transformed/03/train/ok/0084.bmp,c1e56bd929e6ab284260a1a6edfe124425588a658022a9d7a31de0994b430f5a,0
/home/test/data/btad_original/BTech_Dataset_transformed/03/train/ok/0085.bmp,99f360c3ca56a180e74665b4f983d11b120f91d07450fefa12a415dec2cade4a,0
/home/test/data/btad_original/BTech_Dataset_transformed/03/train/ok/0086.bmp,667865c84f13cb09db456c247fe844bea2cc396160d9022dbd81967b994e50bd,0
/home/test/data/btad_original/BTech_Dataset_transformed/03/train/ok/0087.bmp,a2179379be3cde0f2ad58f19a95187ab693694b8028490b466e2cadeee10887c,0
/home/test/data/btad_original/BTech_Dataset_transformed/03/train/ok/0088.bmp,234cd75e7009ff59b58ad085ea3e2477905f87aceab33d5a906b8558f5772e87,0
/home/test/data/btad_original/BTech_Dataset_transformed/03/train/ok/0089.bmp,1ee0d7bc79c02cb5721662add009b5baf55ff7a596d5436a626ebe3f3399c67e,0
/home/test/data/btad_original/BTech_Dataset_transformed/03/train/ok/0090.bmp,934129f1800fa2d5a4623c1f80e9b1fdc3007e295e6cf09a9338ae441d4fd4a4,0
/home/test/data/btad_original/BTech_Dataset_transformed/03/train/ok/0091.bmp,8ee5821accde52d28539ef0605836523d59e1700360af39a64c7822b907f1119,0
/home/test/data/btad_original/BTech_Dataset_transformed/03/train/ok/0092.bmp,68541c14ec2b0e4d9e3e69fda03ae3b2048223dc46dbfabf23bdb6bc94d20dc3,0
/home/test/data/btad_original/BTech_Dataset_transformed/03/train/ok/0093.bmp,662d02d95a1433f10a2358fec6bf1d857065cf7b3c822cfa16e31f276716414a,0
/home/test/data/btad_original/BTech_Dataset_transformed/03/train/ok/0094.bmp,da64f17f420d85c1249b901c43a2cf5586884437758a4e65d2cbaf626f49c6c4,0
/home/test/data/btad_original/BTech_Dataset_transformed/03/train/ok/0095.bmp,e3443649651725c61a15e3fe20e25fc592031defb9327b6cbf280b9a5e8757c5,0
/home/test/data/btad_original/BTech_Dataset_transformed/03/train/ok/0096.bmp,ffaefb9fb5dbbda263eeec3d4a6ac462bb8a29d373cb8b0f868011c9ecedeee9,0
/home/test/data/btad_original/BTech_Dataset_transformed/03/train/ok/0097.bmp,440e85817b7f23fae24dede7ce836fd3131c5fb77a2866d140cb754259948edd,0
/home/test/data/btad_original/BTech_Dataset_transformed/03/train/ok/0098.bmp,21532b86c4533169c510bb854fe334122c0ca3eb21ffc938fd1dd1ca3ab717e6,0
/home/test/data/btad_original/BTech_Dataset_transformed/03/train/ok/0099.bmp,71a429c29c84fc158d17014b842bd9126135fdf3c2e8e55ae0343e5b7054cce7,0
/home/test/data/btad_original/BTech_Dataset_transformed/03/train/ok/0100.bmp,9502388085d9552b76cb90b206dd55db21917190a4f17b4bbc7f118fe6c38674,0
/home/test/data/btad_original/BTech_Dataset_transformed/03/train/ok/0101.bmp,b8b6360521473a863247861cc656829c62bd2f4a5f9f8bf6dd5ac37d136ffa9f,0
/home/test/data/btad_original/BTech_Dataset_transformed/03/train/ok/0102.bmp,56d451a7e26287cd08b3202ceaa083063b8899189fee176329310a6f01917554,0
/home/test/data/btad_original/BTech_Dataset_transformed/03/train/ok/0103.bmp,08d5b57e18ef202ee031048d4b58ea0305e178be5773ab250e36227f0ffd8feb,0
/home/test/data/btad_original/BTech_Dataset_transformed/03/train/ok/0104.bmp,c587107df470c6cb6f747bd27e972676ca1c8ab6c9d5959d3082ab42677a9767,0
/home/test/data/btad_original/BTech_Dataset_transformed/03/train/ok/0105.bmp,8bc660b0e214168fa7a3978ba507d731a71333b2d2e111e9750232d4b3e92fde,0
/home/test/data/btad_original/BTech_Dataset_transformed/03/train/ok/0106.bmp,b817f9476b933f7afe46001d412d82224bd28da8f3a27b873e2320c1ca8ad6fc,0
/home/test/data/btad_original/BTech_Dataset_transformed/03/train/ok/0107.bmp,463d1a3d90c512a1baa4fc9ead3af3093fc8d44ba6b58bfe6ba152f652503af8,0
/home/test/data/btad_original/BTech_Dataset_transformed/03/train/ok/0108.bmp,18dc6d0832db5925a84aea4ebcdd2739fcc6860e5aa14665cef6204a2a13e464,0
/home/test/data/btad_original/BTech_Dataset_transformed/03/train/ok/0109.bmp,98a6f4f58cc73e63aef49b0d63b2c587b3d07f374f979aa760995d5c5e6913d9,0
/home/test/data/btad_original/BTech_Dataset_transformed/03/train/ok/0110.bmp,7e4a972371e7a16a1aa9eb61451c109d8b193a5e0f1196764e033f610b86e8f7,0
/home/test/data/btad_original/BTech_Dataset_transformed/03/train/ok/0111.bmp,acd0e934ede2110df4ba80717a3347514ed7ee5e1cb63b89c7fba06316983b93,0
/home/test/data/btad_original/BTech_Dataset_transformed/03/train/ok/0112.bmp,3eb2ee1b39e4aa373d9ec0b5dd5940bd426331235840bc3b89edd0eb3df33cce,0
/home/test/data/btad_original/BTech_Dataset_transformed/03/train/ok/0113.bmp,1ae966e0dfe9e4276d1668be5d198bd1d4adc3c3b08af3c3be5722f16a762eb8,0
/home/test/data/btad_original/BTech_Dataset_transformed/03/train/ok/0114.bmp,11cb43ec6d30a6098315a9e20c913f883bc0eb280253dbfd09e7ef0ceee2f391,0
/home/test/data/btad_original/BTech_Dataset_transformed/03/train/ok/0115.bmp,2888b43c286257139faad1f3ec9e608eb81ac56b8a25709a9560ec49058b1231,0
/home/test/data/btad_original/BTech_Dataset_transformed/03/train/ok/0116.bmp,87acc69f2a56f7b46a6edab3973016f0b84e8a52db1f487a40f67ddfbb0fda97,0
/home/test/data/btad_original/BTech_Dataset_transformed/03/train/ok/0117.bmp,f163f8cfae99377d3ac026e60cfdedf776e7585644e1415a3a45e5d7b7afe91a,0
/home/test/data/btad_original/BTech_Dataset_transformed/03/train/ok/0118.bmp,11431df5984fe62eb3b661699b0d413bd94c29c750c5bd5636b35f05e2aeb5ce,0
/home/test/data/btad_original/BTech_Dataset_transformed/03/train/ok/0119.bmp,b8b330059d4296201fa372c1efe275540ea61f9352e089274580751651ccbafd,0
/home/test/data/btad_original/BTech_Dataset_transformed/03/train/ok/0120.bmp,5d110cdc386d64d727708489cb07f851c91e3f10acbaf9be4ecf11324f019e48,0
/home/test/data/btad_original/BTech_Dataset_transformed/03/train/ok/0121.bmp,a5cdb1d811aff1278e0ca2310e269e07ba24e0e4201a76aae8576a370780bf62,0
/home/test/data/btad_original/BTech_Dataset_transformed/03/train/ok/0122.bmp,b0dce1c34ac159c9c21aaee5c912b0f5c30d194b9c4897920a1c8f173f8d91be,0
/home/test/data/btad_original/BTech_Dataset_transformed/03/train/ok/0123.bmp,3ffc0d33e0156350bc5cec25f401595fa15a0b7db7156b887e8b1c7c74dcb835,0
/home/test/data/btad_original/BTech_Dataset_transformed/03/train/ok/0124.bmp,5470eb32af4452d82da706e881a808016628496e211c67ee19080972995371fd,0
/home/test/data/btad_original/BTech_Dataset_transformed/03/train/ok/0125.bmp,8dd91b400604dae7a2e3b337fb2f6164006f0098461534e8bee04ba11b902a46,0
/home/test/data/btad_original/BTech_Dataset_transformed/03/train/ok/0126.bmp,9545c332bb7855bd5cc20b0e513ae1af65c63d1d7d5e482d6e1a694a6bb48fbc,0
/home/test/data/btad_original/BTech_Dataset_transformed/03/train/ok/0127.bmp,bedc29c4f5a86a8da1b8978b22f91f1c2a1fdc4236922a08321a9c6cca69cbb9,0
/home/test/data/btad_original/BTech_Dataset_transformed/03/train/ok/0128.bmp,88a91b8268c15a82ef5999d802b8867d3929fb03c3b8c227f1f4a4f6aaeac25e,0
/home/test/data/btad_original/BTech_Dataset_transformed/03/train/ok/0129.bmp,c2da200eee43eb37da2594ec35663b27421ddbfd77c15d4c9a031fea0f537061,0
/home/test/data/btad_original/BTech_Dataset_transformed/03/train/ok/0130.bmp,b41d2aff6580edc5d55e3a163ea3829504ef7028f269285d93aac6adbd8aadfb,0
/home/test/data/btad_original/BTech_Dataset_transformed/03/train/ok/0131.bmp,59d893e603a9a035559fd70c1cc3c31a8f3f625395b8dd6dce825201fe118b0a,0
/home/test/data/btad_original/BTech_Dataset_transformed/03/train/ok/0132.bmp,a55e53b4bfdcb46027ec5e3545904b04f5e83ff60de43623d4a8caee86ac383a,0
/home/test/data/btad_original/BTech_Dataset_transformed/03/train/ok/0133.bmp,76fd40766f3c98fd6a2343581dc8db57c27aa303a31d473f2893cff69478f1d0,0
/home/test/data/btad_original/BTech_Dataset_transformed/03/train/ok/0134.bmp,7b482dac562e131b89fa7984877bfa5eb7f82b135ec8007d53c6235f567ca7d4,0
/home/test/data/btad_original/BTech_Dataset_transformed/03/train/ok/0135.bmp,dcb89468cf84cc6ae2d542d947f432a3bdbdbf1abb7b287024a6ceb36b97e429,0
/home/test/data/btad_original/BTech_Dataset_transformed/03/train/ok/0136.bmp,08b9adbf6873d890145aab2b190911e1ab4231342f0ddc2b1741c6f8de8d26cc,0
/home/test/data/btad_original/BTech_Dataset_transformed/03/train/ok/0137.bmp,f389149d00ae187c9d98446039d44dea49eb29d8b4024253546cb61b275c11cc,0
/home/test/data/btad_original/BTech_Dataset_transformed/03/train/ok/0138.bmp,b3b9ea70edd2e9ed9352dcb504aee8ed1c1ddfecc9e9e6b76211d8d8447551fa,0
/home/test/data/btad_original/BTech_Dataset_transformed/03/train/ok/0139.bmp,4be575cda7643a828bcdbbf2e474f6602c9778dd7e6f23246b229bb46ec6f953,0
/home/test/data/btad_original/BTech_Dataset_transformed/03/train/ok/0140.bmp,914e2bdd081403757806153d452158b6c60950e63cbc1f89ed35cd700de10bd9,0
/home/test/data/btad_original/BTech_Dataset_transformed/03/train/ok/0141.bmp,823227dc29ab6804827df70f3bb2aa3d75072ca8aac340227704bd0c4975627d,0
/home/test/data/btad_original/BTech_Dataset_transformed/03/train/ok/0142.bmp,3b8227f8990c1cd43c8eb09b245582a0708346f814b6c74b8aefe36ebebb7320,0
/home/test/data/btad_original/BTech_Dataset_transformed/03/train/ok/0143.bmp,8369f8e163e713718b0c300be61db3a206a62eb131a901a95ea1fe8bdb16182c,0
/home/test/data/btad_original/BTech_Dataset_transformed/03/train/ok/0144.bmp,cda5b290c77012b3bf7e21f1e637e4b3cce6a6292eac279010ae5d5c850f380b,0
/home/test/data/btad_original/BTech_Dataset_transformed/03/train/ok/0145.bmp,579b7c71daf74dee7da8cff657724a6e038379e9f9702cea354dcba0bc4c5227,0
/home/test/data/btad_original/BTech_Dataset_transformed/03/train/ok/0146.bmp,82fc5905102ee0b8ee3df8e1453cf361cc34d1922f9c4809cc46f453db25c792,0
/home/test/data/btad_original/BTech_Dataset_transformed/03/train/ok/0147.bmp,923a9906891bfca1130f74d4f60587cfde92c358fd65d6b4b570d714c3a400a5,0
/home/test/data/btad_original/BTech_Dataset_transformed/03/train/ok/0148.bmp,44feba135587e6b690a4c7d4b2c1d0a4c365bc0c7b60501f5748597d355f14d0,0
/home/test/data/btad_original/BTech_Dataset_transformed/03/train/ok/0149.bmp,9bea9e0b5d3dfc0ded0ab53b35a40f61dd31a0b9c1e37bf239814af29b82019a,0
/home/test/data/btad_original/BTech_Dataset_transformed/03/train/ok/0150.bmp,8ec3004f6ccc84112ecc026792faa3f4b7dfb4a4e59d35b97edcde8376ff4aec,0
/home/test/data/btad_original/BTech_Dataset_transformed/03/train/ok/0151.bmp,a1f9bf3775e9af8ef86c752a163821b0a251ad1c3ce6d9c71b2ffe26341ad757,0
/home/test/data/btad_original/BTech_Dataset_transformed/03/train/ok/0152.bmp,e4949d801ff4c281be917842fe31dfbbdad56a22c5f1e57c839ffdb15c46069e,0
/home/test/data/btad_original/BTech_Dataset_transformed/03/train/ok/0153.bmp,b28a46b01edf9c915ea5e6373559508572fc8541e1cdd7f0e446d0a532a2066c,0
/home/test/data/btad_original/BTech_Dataset_transformed/03/train/ok/0154.bmp,f96c311379e1e9fdfe35d6cf34b0514a524f009629540b05ab5383c8a4e6bd10,0
/home/test/data/btad_original/BTech_Dataset_transformed/03/train/ok/0155.bmp,6975058fa4ec82b81f49fe8b54953ec61609c1e8f86b0d016c103077e3420a28,0
/home/test/data/btad_original/BTech_Dataset_transformed/03/train/ok/0156.bmp,fd13e59d1a4e296cba05edebc79878d784a1a8c334c31fcf0ec7d6a65659de2b,0
/home/test/data/btad_original/BTech_Dataset_transformed/03/train/ok/0157.bmp,c4a75b2a583f6b7aa6284542613bb10f4bc46ce93e70a9227bda737f2b1bfd8d,0
/home/test/data/btad_original/BTech_Dataset_transformed/03/train/ok/0158.bmp,9009edf2b2e76658467f4dad06b91228407bd5ef4d119173c260c964e298862f,0
/home/test/data/btad_original/BTech_Dataset_transformed/03/train/ok/0159.bmp,f467edc0c941015a8226516964b59bc3e14f4fd630f024105afc976788cce8a0,0
/home/test/data/btad_original/BTech_Dataset_transformed/03/train/ok/0160.bmp,3bead7ac02fa93be4b511edd0c3f45b9dfe836a94b181c5bcf5ef1d40cd99b1e,0
/home/test/data/btad_original/BTech_Dataset_transformed/03/train/ok/0161.bmp,0b0e6d8ed8aa62857a2dd3a45eee877be574de6aa0cf34d9783f0e5888186c96,0
/home/test/data/btad_original/BTech_Dataset_transformed/03/train/ok/0162.bmp,5ffba736b748d6912e868b5a8e40ace33572b2718eee5dedf62c54e56e25347c,0
/home/test/data/btad_original/BTech_Dataset_transformed/03/train/ok/0163.bmp,d2c80cec483fe73ca97222b7281cd5c161c3aeac15543691b9e2302690d94908,0
/home/test/data/btad_original/BTech_Dataset_transformed/03/train/ok/0164.bmp,18b2ef38010eb49a2451328d670c06975f296c1645da2e2eabb255e2c3f91167,0
/home/test/data/btad_original/BTech_Dataset_transformed/03/train/ok/0165.bmp,6e8c75a5e46e29ed303d07c04ca1a381c07b5fa3f764b4543089cc771bd29d82,0
/home/test/data/btad_original/BTech_Dataset_transformed/03/train/ok/0166.bmp,2f6f1a1b079ed4f51c02c71cc5a98cd916bc23a20676eaa87c1d636c9fc0e247,0
/home/test/data/btad_original/BTech_Dataset_transformed/03/train/ok/0167.bmp,ee3ee382245633720a07d06da7648679d9fcc243749c8bc9fa7efdef3cdad61e,0
/home/test/data/btad_original/BTech_Dataset_transformed/03/train/ok/0168.bmp,a339af833e05e48ca5645ec1f8b10933a10cf7aefba6361ab20bb125369a44a4,0
/home/test/data/btad_original/BTech_Dataset_transformed/03/train/ok/0169.bmp,5d46fb6f1cd6fcf27cfda341db0c5a3015e137a21e412f182896e573e203f8e4,0
/home/test/data/btad_original/BTech_Dataset_transformed/03/train/ok/0170.bmp,a2ee28081a14b072a7fdac6576476aaf77f5a9652512a83a55ce9ef4174c1fde,0
/home/test/data/btad_original/BTech_Dataset_transformed/03/train/ok/0171.bmp,206e1900c1c57e22adfe5d80c73511285294669122e9436797bacdc7cedea0a2,0
/home/test/data/btad_original/BTech_Dataset_transformed/03/train/ok/0172.bmp,310ebc08213b0eeb3d94d75452d232fd40ee10bec9b0faa2d5d33294ff5d0c6f,0
/home/test/data/btad_original/BTech_Dataset_transformed/03/train/ok/0173.bmp,0af1ff4705dbaa1ebc85959f7a4fdbb75d7cdc1b15aec55215d3e973c38474b5,0
/home/test/data/btad_original/BTech_Dataset_transformed/03/train/ok/0174.bmp,8e13560598207ac869d87480643276d5771b52dc86e27757bdf8dc7d6c924b45,0
/home/test/data/btad_original/BTech_Dataset_transformed/03/train/ok/0175.bmp,043f8e51e7a44ecd74cf21b8c15c94a458fa06a16c150ee04aa9fee8c749ecfd,0
/home/test/data/btad_original/BTech_Dataset_transformed/03/train/ok/0176.bmp,fb1ffa5c4a58aef26cb02ef86bcb05f0a69b93e65cb5b91ea0b218664bbb5c83,0
/home/test/data/btad_original/BTech_Dataset_transformed/03/train/ok/0177.bmp,10529dc13ea6a25bd02bcd4d11b4fbfb5dc192a64c7f84d46cd6980bc5f44d83,0
/home/test/data/btad_original/BTech_Dataset_transformed/03/train/ok/0178.bmp,7f72b296632f6cc3be4e143efc8200d50d36a1c8251a4f5a9b3d82eb01bbea30,0
/home/test/data/btad_original/BTech_Dataset_transformed/03/train/ok/0179.bmp,7b8bebd07ef1d563749928fba385a4c88ab1ddd0ba00bff00e52a3cc46492d91,0
/home/test/data/btad_original/BTech_Dataset_transformed/03/train/ok/0180.bmp,96a37eeb8bc11e6f68de72d3b16b0c7196040a94c843659a24525cc739b39504,0
/home/test/data/btad_original/BTech_Dataset_transformed/03/train/ok/0181.bmp,8cd0fb89140e99f9366c2ad586d7367b28af551380066b98169fce100213f4fb,0
/home/test/data/btad_original/BTech_Dataset_transformed/03/train/ok/0182.bmp,aaaef91e9f04ff2e1eb5d04391d8dff26778c6fc32e8f927d2a08a6725302184,0
/home/test/data/btad_original/BTech_Dataset_transformed/03/train/ok/0183.bmp,33bb6e8e52f923f49bd7fe004cc832cb1117239c76d552f7e60cd1bb6f2ffad5,0
/home/test/data/btad_original/BTech_Dataset_transformed/03/train/ok/0184.bmp,9543a23a21f5c1d18f0204b73a38a43c9ae1f9b4c4420adc72b2fa985aaf02dc,0
/home/test/data/btad_original/BTech_Dataset_transformed/03/train/ok/0185.bmp,b23049858e425b2136d9e3dd4c067a6a4d86a025aa78f65964936fde3e2c1da6,0
/home/test/data/btad_original/BTech_Dataset_transformed/03/train/ok/0186.bmp,ece3bce877fb175ba6da103d43aedb5df15c607c186da45e0a8d82901adf29d8,0
/home/test/data/btad_original/BTech_Dataset_transformed/03/train/ok/0187.bmp,5aabef476509a3ad8d704e13cbadb323ba99cf84642e87c870d8600587926056,0
/home/test/data/btad_original/BTech_Dataset_transformed/03/train/ok/0188.bmp,6b79b0a718d826cb5dc37688059d9f75e79e97bab1210abe3124334efc680a96,0
/home/test/data/btad_original/BTech_Dataset_transformed/03/train/ok/0189.bmp,1cc7c3367ab28c7c855ed57b9add2a5bf918c63bfa58b3f8a64ec6364e818892,0
/home/test/data/btad_original/BTech_Dataset_transformed/03/train/ok/0190.bmp,30a22386bbb0010e7f6af3dc5c0a081bb77b94568a20e8cceb2e4faec20e3a38,0
/home/test/data/btad_original/BTech_Dataset_transformed/03/train/ok/0191.bmp,1c0ef3c61d3f4c4d30054ef1124fa8c5fcfe780678491d78175492d44dfa4e17,0
/home/test/data/btad_original/BTech_Dataset_transformed/03/train/ok/0192.bmp,f9f46f4ccedec7c369c6700fc9ab22ae53269137a10b9f028a93807b83ec2237,0
/home/test/data/btad_original/BTech_Dataset_transformed/03/train/ok/0193.bmp,73e20553ee64d39666859271ef3999963dc3f3484ff0ba1d89b21b748481dfdf,0
/home/test/data/btad_original/BTech_Dataset_transformed/03/train/ok/0194.bmp,b676eb30243603b65967386e9e762a38005d6baf4949d931d5416149bb899134,0
/home/test/data/btad_original/BTech_Dataset_transformed/03/train/ok/0195.bmp,fe6ec44b01cec118d015cafebe430699f0bd067f473cbaf84c202167f92fec86,0
/home/test/data/btad_original/BTech_Dataset_transformed/03/train/ok/0196.bmp,174581a2f8365e854193a1fe8f4f97eafc38f2f39cda9a1aecda3a1ef03be5a3,0
/home/test/data/btad_original/BTech_Dataset_transformed/03/train/ok/0197.bmp,0dd6a2ac5c977e543bd31066767a920b9bcc43ce7a1dabaacfdcf13360ee48b5,0
/home/test/data/btad_original/BTech_Dataset_transformed/03/train/ok/0198.bmp,1e97b40195de0cc125a1331631a51541346a3ef5240b2d168b489ff4f4668808,0
/home/test/data/btad_original/BTech_Dataset_transformed/03/train/ok/0199.bmp,6ba7d683080f2476dd092c0939c162c3726c76a9e5c94c7f2c2cd0aa252b4066,0
/home/test/data/btad_original/BTech_Dataset_transformed/03/train/ok/0200.bmp,5a95013bf6b2cb4fe8254099c329a1a4cbf0c65c5601eab0bb8fd60bb5ac6d2c,0
/home/test/data/btad_original/BTech_Dataset_transformed/03/train/ok/0201.bmp,733ee0c9273de8ae2cb6539a42a87451d7f7b1e9be153308860557b341e2b04c,0
/home/test/data/btad_original/BTech_Dataset_transformed/03/train/ok/0202.bmp,9b266b2254173af987e972914792748219d33dd6e589de1ce710bff32cb4905d,0
/home/test/data/btad_original/BTech_Dataset_transformed/03/train/ok/0203.bmp,aaa62271c7375e2afed4031c99886f5fabee396735284cf48a2a89f44def8d98,0
/home/test/data/btad_original/BTech_Dataset_transformed/03/train/ok/0204.bmp,78580309cf61f12cba2c1efeeb6cc5ba21b28667cabed7ddffc4e7861076935e,0
/home/test/data/btad_original/BTech_Dataset_transformed/03/train/ok/0205.bmp,e793f28c9cd44e388e07897e04f571759b6525b6550020c35bbfd5e649a18708,0
/home/test/data/btad_original/BTech_Dataset_transformed/03/train/ok/0206.bmp,206d44dbf5ffdb2c6ad6531150ee4542a33605833e5cc2098746504e3ec103bd,0
/home/test/data/btad_original/BTech_Dataset_transformed/03/train/ok/0207.bmp,bfbf6a5c08c964fca3d9b180cae5f654c4763ebe7031d8c9741417d4921edf6e,0
/home/test/data/btad_original/BTech_Dataset_transformed/03/train/ok/0208.bmp,53900cb4441bec7c052a841823ed7030e205489778463d11bf5256f3a7b4e5e0,0
/home/test/data/btad_original/BTech_Dataset_transformed/03/train/ok/0209.bmp,4e9e2b07eac80644cb6b56b9f4212ec3268e766f8aab8bde8798b3bcbc41a0f8,0
/home/test/data/btad_original/BTech_Dataset_transformed/03/train/ok/0210.bmp,3b324021358c31061e07868d79a07cf9e4d02b09623093612c000fbe1b789bf6,0
/home/test/data/btad_original/BTech_Dataset_transformed/03/train/ok/0211.bmp,d367c3396389d5c25dd32e9e86a47ccc8943528b571b4eba116b2d7d1b3617f3,0
/home/test/data/btad_original/BTech_Dataset_transformed/03/train/ok/0212.bmp,04dbb279b1df00d4c95771f9109dae6cb76ebe3ca138228f0d112ce32c484752,0
/home/test/data/btad_original/BTech_Dataset_transformed/03/train/ok/0213.bmp,74fb4627ea995f112620d3b206d8a17891917e4328198281aa733a167b61eb2b,0
/home/test/data/btad_original/BTech_Dataset_transformed/03/train/ok/0214.bmp,1ca789dd7256786b80dab49487e16b29edec984393a39422a6e61998b45853b9,0
/home/test/data/btad_original/BTech_Dataset_transformed/03/train/ok/0215.bmp,3499971776a5e434c5c717cd63c95f0187f15159f8bfa4b646f8b0487b8b949f,0
/home/test/data/btad_original/BTech_Dataset_transformed/03/train/ok/0216.bmp,42144521bfd3d6f89be6c09649ce66a8173daeb7d41de6b2ffdb8364a8d602f5,0
/home/test/data/btad_original/BTech_Dataset_transformed/03/train/ok/0217.bmp,9dfeab33aeec646a2ae297c5f873da65bd5ca15742b9f4ce3581c7c4e445ea3f,0
/home/test/data/btad_original/BTech_Dataset_transformed/03/train/ok/0218.bmp,0335eb39afc84e48c66317dc726abfe06a403dfb9f754670f3022e83046cc054,0
/home/test/data/btad_original/BTech_Dataset_transformed/03/train/ok/0219.bmp,8e9d701e552d37b21e64af9eca92eabcc756aa5c373007e5ce7c17a9b9e01c70,0
/home/test/data/btad_original/BTech_Dataset_transformed/03/train/ok/0220.bmp,59460b826b04f86ea8539cb21ebad05001378218aa14bff2d1d45dc034d736a8,0
/home/test/data/btad_original/BTech_Dataset_transformed/03/train/ok/0221.bmp,07eb2c7458cf25005222fbf489a3d61a652a468f4cc72c3d31c629042f38912e,0
/home/test/data/btad_original/BTech_Dataset_transformed/03/train/ok/0222.bmp,a2ee4bdf21da04df091c6ebf95cac8752ce1060b99b8ab98cdd3ee2d6970774c,0
/home/test/data/btad_original/BTech_Dataset_transformed/03/train/ok/0223.bmp,b746df7695fa7cad5e002fd0784380306460d9905c3861fda1c391543a0f4db7,0
/home/test/data/btad_original/BTech_Dataset_transformed/03/train/ok/0224.bmp,5d457ff491342d25b2e683beb336fcfffc13c07b5fa0172f90e7655d3aacf811,0
/home/test/data/btad_original/BTech_Dataset_transformed/03/train/ok/0225.bmp,a48ff43a202a9a58c7f54b8f9587003acc9c6b432862990dd967212f46dd5e90,0
/home/test/data/btad_original/BTech_Dataset_transformed/03/train/ok/0226.bmp,54e75ca086afc07c49761632afda751975545272acfbba33db8f37d4d1337e4c,0
/home/test/data/btad_original/BTech_Dataset_transformed/03/train/ok/0227.bmp,ad0ebcb2078a60b66845d5c7515b3f5ca7ec41603cd3098901eb753a82f89f7e,0
/home/test/data/btad_original/BTech_Dataset_transformed/03/train/ok/0228.bmp,1456e6ea04383c750859e3aa587390276fca8a34e268b5d8abbf8d21410f0cf6,0
/home/test/data/btad_original/BTech_Dataset_transformed/03/train/ok/0229.bmp,c57e61f822d50b201a0a3d83e71dd2ecd11dcea8d3169eb89dfb512fab584639,0
/home/test/data/btad_original/BTech_Dataset_transformed/03/train/ok/0230.bmp,aebe35fdb343c2e724b6facb5306feed080d3642d35e62111ccdc4eba91cd86b,0
/home/test/data/btad_original/BTech_Dataset_transformed/03/train/ok/0231.bmp,5fc87b9592bd8c630bb4e33d0ad31cf69eef48da7e1b42737173256d8c0b9cc3,0
/home/test/data/btad_original/BTech_Dataset_transformed/03/train/ok/0232.bmp,28f23332faa76640d1c140dde609d432c65046c0a2245824da5f33543a2de4ae,0
/home/test/data/btad_original/BTech_Dataset_transformed/03/train/ok/0233.bmp,13f62d988cc7dcceefc7cacaf88aff14bff5827321aa752a928f6a75ee029393,0
/home/test/data/btad_original/BTech_Dataset_transformed/03/train/ok/0234.bmp,dad6e5652c5854c573fc879eb4532316b2a5ea7c54a316b87f03eb4694be9ff1,0
/home/test/data/btad_original/BTech_Dataset_transformed/03/train/ok/0235.bmp,900060f45fc3a57f472f1ab8748db72d568648a70614e9342160d2bcd8394c7e,0
/home/test/data/btad_original/BTech_Dataset_transformed/03/train/ok/0236.bmp,fede61025d22304361e7381962bfe6efd234882d28434bc31806b8894413c2a1,0
/home/test/data/btad_original/BTech_Dataset_transformed/03/train/ok/0237.bmp,7d3c3706ff295d2c3d825fb77c2996a38b79c31f88fe3473a15930115ea3f7d9,0
/home/test/data/btad_original/BTech_Dataset_transformed/03/train/ok/0238.bmp,1534a59d577d0ed4307a5a78ce0793ea7ce164cb91691690da72c6f61435849e,0
/home/test/data/btad_original/BTech_Dataset_transformed/03/train/ok/0239.bmp,68a7d0045233f06004c176b5f39c6b36f18bda2f9f9e0dd0bb8d5fdc2c9703a9,0
/home/test/data/btad_original/BTech_Dataset_transformed/03/train/ok/0240.bmp,058666a3a656818ca3d004cbdcb55a3a72c123b656cff19be9f9e44c45dff5be,0
/home/test/data/btad_original/BTech_Dataset_transformed/03/train/ok/0241.bmp,c3cdcadd0031840101fc9198fcd4dd48265332bfed0114d5ef37420102f26d37,0
/home/test/data/btad_original/BTech_Dataset_transformed/03/train/ok/0242.bmp,de2faec04179b44fde2fa894e6f5463717360e941d4c646d8af6d42eb243f832,0
/home/test/data/btad_original/BTech_Dataset_transformed/03/train/ok/0243.bmp,f38cab09d91dee64daaa7ec7c960fad5527654524334e98158dbbb9a9e090836,0
/home/test/data/btad_original/BTech_Dataset_transformed/03/train/ok/0244.bmp,f356b0a78a13852a5735a2750c4a8c9eceee4bf8df5236ea06afb7c8bad9af41,0
/home/test/data/btad_original/BTech_Dataset_transformed/03/train/ok/0245.bmp,d991984929fe1b9045135914b9cf702928cd7656481d31f87de2bfae64c16b8b,0
/home/test/data/btad_original/BTech_Dataset_transformed/03/train/ok/0246.bmp,ad3abc693de4cd87e430086630917cb066c95d8229eeac9dc983a6e4a306b14a,0
/home/test/data/btad_original/BTech_Dataset_transformed/03/train/ok/0247.bmp,9dc5b1be2bb0745c30670381c3d386d35d38a296c6b67420117715a1193d92e0,0
/home/test/data/btad_original/BTech_Dataset_transformed/03/train/ok/0248.bmp,8eddb9fbdb0cceee9b3de18c651975d5363104763edbfcab6c4c95fb52f2b625,0
/home/test/data/btad_original/BTech_Dataset_transformed/03/train/ok/0249.bmp,8ff3a7bb02ec1caace60c351a9721d2b584bf592fea69503f0ad747b0e9b4a24,0
/home/test/data/btad_original/BTech_Dataset_transformed/03/train/ok/0250.bmp,5d3bca98ad160e5289fa0630472db06ec2a24ef47e22984561db310e03ca937a,0
/home/test/data/btad_original/BTech_Dataset_transformed/03/train/ok/0251.bmp,5bbd5f32d0c821323bc2ab3871e937bb352723d8735806c5530b673ff9c3a078,0
/home/test/data/btad_original/BTech_Dataset_transformed/03/train/ok/0252.bmp,baf5748a5b5f580409028f0bcbf3645c428e8ba85302ddf2b946a0a535bfb64b,0
/home/test/data/btad_original/BTech_Dataset_transformed/03/train/ok/0253.bmp,1416251edf661b81694dd3c6c14b302b5e183d90cf9887adc9c83ff2a367b784,0
/home/test/data/btad_original/BTech_Dataset_transformed/03/train/ok/0254.bmp,020b05dae74d099b6f6e0598ea61de155033b41bb88be2c989b18c835b600005,0
/home/test/data/btad_original/BTech_Dataset_transformed/03/train/ok/0255.bmp,c8c6d61ef3bd6d522964fb9fccb336fa385dc9c523f3ce5bd8b1d1f03235689d,0
/home/test/data/btad_original/BTech_Dataset_transformed/03/train/ok/0256.bmp,2b04090188563c60fc22918938b84ca465f483a5518e3cecba24b3e9ebb27002,0
/home/test/data/btad_original/BTech_Dataset_transformed/03/train/ok/0257.bmp,501281e48aea3b3e54aadc3304327b5be1f27413dff0e14e63d13cd30c1e730e,0
/home/test/data/btad_original/BTech_Dataset_transformed/03/train/ok/0258.bmp,b6633efea2b2c83546168e053b76743c32995677609f7235910225401406791c,0
/home/test/data/btad_original/BTech_Dataset_transformed/03/train/ok/0259.bmp,a882c1b8b8479ac27a70d076487412832381deb972f64f98c2af9e6ed78e9310,0
/home/test/data/btad_original/BTech_Dataset_transformed/03/train/ok/0260.bmp,3904c794f165f0818e24dbc6c17108a2dd38672e608e672656eca4b4329ca27c,0
/home/test/data/btad_original/BTech_Dataset_transformed/03/train/ok/0261.bmp,7f4c2be5b93f2fea486de9dd8c96ef2c644592c227800644eb9f43969bc2dade,0
/home/test/data/btad_original/BTech_Dataset_transformed/03/train/ok/0262.bmp,64b3b11da46d6be7c498e1cf3eece2513ec0bceea8b07b556a4f309d57ae797a,0
/home/test/data/btad_original/BTech_Dataset_transformed/03/train/ok/0263.bmp,dc21325804a0e9b8807397f3b6c42746f6e2a86c5d5ac11a9355c0594235d90a,0
/home/test/data/btad_original/BTech_Dataset_transformed/03/train/ok/0264.bmp,b94aa455358b87422e7d5e64a1fbb71110e40542d541af6423a2bec15838c644,0
/home/test/data/btad_original/BTech_Dataset_transformed/03/train/ok/0265.bmp,6f76344a69ced869f7e40362481bc3f59a5f9f18f3b5a0c22dac84f40f4360de,0
/home/test/data/btad_original/BTech_Dataset_transformed/03/train/ok/0266.bmp,f0e9465c2a7ca65071b8fed60fdd5668e731c22fc4d9506c893c5fd30893d4ea,0
/home/test/data/btad_original/BTech_Dataset_transformed/03/train/ok/0267.bmp,7fa91fc7d1e52e0b30bbd40cd7494015a53444650cd635548506212ed4e4626a,0
/home/test/data/btad_original/BTech_Dataset_transformed/03/train/ok/0268.bmp,62ba9148d97c94b4f1f1e5d71ef1e936b43d28014ec899126f8e175fea01aea0,0
/home/test/data/btad_original/BTech_Dataset_transformed/03/train/ok/0269.bmp,a995dd7c89a0c0abd42850cb265df940f9bced5ce39bbc90fdfe68d59e60afd8,0
/home/test/data/btad_original/BTech_Dataset_transformed/03/train/ok/0270.bmp,841ff0f915973f3fdbb6b115a875b21a1eae63d8b61b9cbef1e68316e24e5f51,0
/home/test/data/btad_original/BTech_Dataset_transformed/03/train/ok/0271.bmp,b0a23cd38a19c4663b3dd885dbb8fd5ba7466d6d2c0fdda3f202d64168c8e14e,0
/home/test/data/btad_original/BTech_Dataset_transformed/03/train/ok/0272.bmp,77d48b1e83c0e18fa8be61e0f3f91545184fecdfd7a7612c168eeb3a10dc5b4c,0
/home/test/data/btad_original/BTech_Dataset_transformed/03/train/ok/0273.bmp,6ca781ae2580a595951d252cf6b7e8feb04251c338e74eebefe92159ec76a84d,0
/home/test/data/btad_original/BTech_Dataset_transformed/03/train/ok/0274.bmp,66f7392ed52c31ba29fb69404d4fdf26cb5d8b51dd44a5d8ad5867b3444e2d3b,0
/home/test/data/btad_original/BTech_Dataset_transformed/03/train/ok/0275.bmp,40bb0c3cdd7d141a40926805e9075a758f2eee523eea4f02f5f36a095c07ded0,0
/home/test/data/btad_original/BTech_Dataset_transformed/03/train/ok/0276.bmp,f4ac690c162707a621fa7f5f72044c183246442f1eba4172674ed02c06be5d12,0
/home/test/data/btad_original/BTech_Dataset_transformed/03/train/ok/0277.bmp,6681fa111cafd7f8d208505d15696443c19eee5c23760dda481d79e48d403577,0
/home/test/data/btad_original/BTech_Dataset_transformed/03/train/ok/0278.bmp,189dbf5476083c2d83968359c4ec66bb42eec6cbc45b38251bb71f7b3705f9bb,0
/home/test/data/btad_original/BTech_Dataset_transformed/03/train/ok/0279.bmp,5ef1e5fb9387cb0b6a5b642e8913e1e0acca821173390e0946746655aceba561,0
/home/test/data/btad_original/BTech_Dataset_transformed/03/train/ok/0280.bmp,019e00b90f470810243489ac0f7bd3c03b453e5da9d19cd7367fb00bc9ad0ffe,0
/home/test/data/btad_original/BTech_Dataset_transformed/03/train/ok/0281.bmp,433e6106d819e3d38a98c66f2888a58332eccd50d45ad42f48f29b538019a3a7,0
/home/test/data/btad_original/BTech_Dataset_transformed/03/train/ok/0282.bmp,c5cfddd195d217e17262e5dcbafc26bd1aabfe60f28c21ed5cd1b88198226d7d,0
/home/test/data/btad_original/BTech_Dataset_transformed/03/train/ok/0283.bmp,1d61a9cf78958508efea62acce09c04523f53721e000883b83de76cb76bd95fd,0
/home/test/data/btad_original/BTech_Dataset_transformed/03/train/ok/0284.bmp,f4c22792c79405585e4dbfe301083c04aea74e7f4c6c752e24a98283344bfc96,0
/home/test/data/btad_original/BTech_Dataset_transformed/03/train/ok/0285.bmp,7131fe7687422fa5215deeee68007b967b5a93fb0a78910d21ec0d15059824d7,0
/home/test/data/btad_original/BTech_Dataset_transformed/03/train/ok/0286.bmp,9cb3b51c2c5bd12cd4b01142e98709ea55b4d572d4c22386923352e59daf172b,0
/home/test/data/btad_original/BTech_Dataset_transformed/03/train/ok/0287.bmp,06b0509d124396e16661e300447db2ebc4cecb4831ef68043739ce0c6f8723a8,0
/home/test/data/btad_original/BTech_Dataset_transformed/03/train/ok/0288.bmp,1cb421e331ffb19c07c7d2a51ec954259c75dbb1592234ac1ab22702b41d7ee9,0
/home/test/data/btad_original/BTech_Dataset_transformed/03/train/ok/0289.bmp,5a5f677be9060db220f6a1679b961b56b3ac0ee5121bdfba6f262178892c04af,0
/home/test/data/btad_original/BTech_Dataset_transformed/03/train/ok/0290.bmp,70cf0663f911d8ec4d2a0374e6668bf2f59c2ac8247e057b287a36992094ae14,0
/home/test/data/btad_original/BTech_Dataset_transformed/03/train/ok/0291.bmp,b0dd2b74842fccf2d2aff0330368395f141b3cd47a06258e92b750ed254fe677,0
/home/test/data/btad_original/BTech_Dataset_transformed/03/train/ok/0292.bmp,2db12f8f022e51492b5ecb0fa3615c563defca0fd17081bc41ead20234eee9da,0
/home/test/data/btad_original/BTech_Dataset_transformed/03/train/ok/0293.bmp,b04dd9f5e4b610f47038e8a2d6f2f089d3f14149006fef2e33e8896b635bd5b2,0
/home/test/data/btad_original/BTech_Dataset_transformed/03/train/ok/0294.bmp,76f69eaea020400d202f4c5c96a625d125c875d98cd5cdf6f57ad382763a2489,0
/home/test/data/btad_original/BTech_Dataset_transformed/03/train/ok/0295.bmp,2c3fbbfdaff63954a649fde1d4ed0e2243960f2dd38cb898d6fe21c50340fce5,0
/home/test/data/btad_original/BTech_Dataset_transformed/03/train/ok/0296.bmp,d18ace402d6639a4eb50287ed4671da74cbb662f08f9918aba664eb07a94965f,0
/home/test/data/btad_original/BTech_Dataset_transformed/03/train/ok/0297.bmp,a3fb08cc74f9822c40a2ee4ba9d8048ccfa764610c55ca52d9e2d48eb28610ba,0
/home/test/data/btad_original/BTech_Dataset_transformed/03/train/ok/0298.bmp,4e70f78e80465b5388e01c77d3e11d2f44c528f9bb580d941b4a6303cfc6c994,0
/home/test/data/btad_original/BTech_Dataset_transformed/03/train/ok/0299.bmp,e39849be45701216308454282b006c85fd9ec265e1f2e96fed5e4d3737ccd366,0
/home/test/data/btad_original/BTech_Dataset_transformed/03/train/ok/0300.bmp,377993116738df6393157842b87a1c23305fd18e4170397eeb5685dfa0b6c89d,0
/home/test/data/btad_original/BTech_Dataset_transformed/03/train/ok/0301.bmp,c3dbea63996c362f15c00de91d6428754b4ca383e0de8c627967d650baaebef0,0
/home/test/data/btad_original/BTech_Dataset_transformed/03/train/ok/0302.bmp,5c7be9e855972297e65bd11d578ef5d65ba6d59a14da28ca460e33f43ff3253b,0
/home/test/data/btad_original/BTech_Dataset_transformed/03/train/ok/0303.bmp,83835d40ee53b33a5b48487e68fdad29852b200e8b4bb3895cfe50ad31a902f0,0
/home/test/data/btad_original/BTech_Dataset_transformed/03/train/ok/0304.bmp,be9534fc6234b142231aecf0e084a113658689997abaaf2efc0084262fc0ccb7,0
/home/test/data/btad_original/BTech_Dataset_transformed/03/train/ok/0305.bmp,1a79ba19fd036c984f3cbf74d47348099a140b92a104fe5b6c452f97ec1f7b58,0
/home/test/data/btad_original/BTech_Dataset_transformed/03/train/ok/0306.bmp,50dbb20bd56313a1051bed06b0c43f36972ebcd7f89d951ebf4fbf1acc40ada2,0
/home/test/data/btad_original/BTech_Dataset_transformed/03/train/ok/0307.bmp,1fedc3580ca414d359d986c54a70e5b9c6eff75de690701b30e49fe626d9994d,0
/home/test/data/btad_original/BTech_Dataset_transformed/03/train/ok/0308.bmp,a80892db0ba13ced817abc1d2114ada7817d2c141fbcbe036c29492f2d369c67,0
/home/test/data/btad_original/BTech_Dataset_transformed/03/train/ok/0309.bmp,143920c157cedf832077f3a0489cf2a9b157c385e8ac60fa98a89206c21f684b,0
/home/test/data/btad_original/BTech_Dataset_transformed/03/train/ok/0310.bmp,593f4e15a356f23c467eb1225188b9c7e60863c7f2be8d38e997cd89b44c3de9,0
/home/test/data/btad_original/BTech_Dataset_transformed/03/train/ok/0311.bmp,4b9f177f5938ba68de16a4239109ef00bb128f66791447ea52d88426c93b79a6,0
/home/test/data/btad_original/BTech_Dataset_transformed/03/train/ok/0312.bmp,0117418b489f7985a3bcbbb70fd5fba46bcbf2f4d9a7ed9e6d738231e3ea218b,0
/home/test/data/btad_original/BTech_Dataset_transformed/03/train/ok/0313.bmp,06da88446d1a730cd4467ce6aa2c453f8a8ef735b9651e43a540bfbb24ead108,0
/home/test/data/btad_original/BTech_Dataset_transformed/03/train/ok/0314.bmp,30e1d1e2ddb9399d975c18ea533ecfdf70d22e285f5cb43d47f8cab4560023c6,0
/home/test/data/btad_original/BTech_Dataset_transformed/03/train/ok/0315.bmp,d574921e9c9b330bf3f49946d2c8ceb77079d359a91ac089ebd6d95d237a263a,0
/home/test/data/btad_original/BTech_Dataset_transformed/03/train/ok/0316.bmp,b674f0ab200e442b2d9f094946cf7e101e2e9d227cae89e832f3cb96776ec32d,0
/home/test/data/btad_original/BTech_Dataset_transformed/03/train/ok/0317.bmp,47d82e5d835dbd996dd7a7dba988630305736f1613f9cfdabd331da6ef9203ae,0
/home/test/data/btad_original/BTech_Dataset_transformed/03/train/ok/0318.bmp,24d4563cc5f9fa8fdf97e220dcff3d8a558369f10479f016ca2d13d3ee5bfb12,0
/home/test/data/btad_original/BTech_Dataset_transformed/03/train/ok/0319.bmp,458598f61373755a038b1041f671a35f72fa1495962bef54ff23ecff86c3d37d,0
/home/test/data/btad_original/BTech_Dataset_transformed/03/train/ok/0320.bmp,002ec5f31dd6208702b6e75d5d0f0464cc47ef91a95420439bbcc2019b4bca2c,0
/home/test/data/btad_original/BTech_Dataset_transformed/03/train/ok/0321.bmp,e7bab2a7f194b1e5da865837d794ee11c46b11847b7ffbc7cf0953cce55f4d4a,0
/home/test/data/btad_original/BTech_Dataset_transformed/03/train/ok/0322.bmp,f27c958d12befb4a0ed7225f56f3a135602d939cf8c558c20fabbe7fb37f7554,0
/home/test/data/btad_original/BTech_Dataset_transformed/03/train/ok/0323.bmp,800c8520d6594d958e79fd854506195c355e3ca7f83c3a8a1d28a3e5bcf20162,0
/home/test/data/btad_original/BTech_Dataset_transformed/03/train/ok/0324.bmp,e90d694ea7a783353a614c1665637791e7740df75a1414f17a6f878b20ea32fa,0
/home/test/data/btad_original/BTech_Dataset_transformed/03/train/ok/0325.bmp,75e902153247e5d0a3510fb9a39db30d129d01e8a8402e079005b5e45d72b432,0
/home/test/data/btad_original/BTech_Dataset_transformed/03/train/ok/0326.bmp,dc7d4a5e8441364bf982957b1ba79d60dc84f9050bef96495b5a93f0d8bceb73,0
/home/test/data/btad_original/BTech_Dataset_transformed/03/train/ok/0327.bmp,314f994d0a520ccf43f9e09e200c98e87fcdc65e77c95adbb57f45af5cd6ed64,0
/home/test/data/btad_original/BTech_Dataset_transformed/03/train/ok/0328.bmp,c84137a3244f87832d1814a2f1dea77d60a74cf98f95edf9bdec47f296e30365,0
/home/test/data/btad_original/BTech_Dataset_transformed/03/train/ok/0329.bmp,07e1d4e3da20893a6b66b858e0344260e196a1df8c8bc5a1a9331fc5077b298c,0
/home/test/data/btad_original/BTech_Dataset_transformed/03/train/ok/0330.bmp,96733bb8c8a7b13418ce94af7d6f6c9a6a9f0a3e0a674eb1f17a247925f21af0,0
/home/test/data/btad_original/BTech_Dataset_transformed/03/train/ok/0331.bmp,448612c1c00961d1c1b76988b44ac199f92cbb2df0f32082c47eb9ff9a6f1cd1,0
/home/test/data/btad_original/BTech_Dataset_transformed/03/train/ok/0332.bmp,1df10c5eba89fdd35cfa7186c71053d98794b75e24b171703e35dd5ebe5fcedd,0
/home/test/data/btad_original/BTech_Dataset_transformed/03/train/ok/0333.bmp,ae8c0d644af54f10ca58b31ddc9ffb78048757a8e73ba9b1d88564ae4ebc5e31,0
/home/test/data/btad_original/BTech_Dataset_transformed/03/train/ok/0334.bmp,1264b990cdd108ed1d873abfd551925e77d932a8c73194563377b37889a03908,0
/home/test/data/btad_original/BTech_Dataset_transformed/03/train/ok/0335.bmp,b76abe1c0d89abea790b7f61c23b81d42d28737754bb7351d6c563c36578a390,0
/home/test/data/btad_original/BTech_Dataset_transformed/03/train/ok/0336.bmp,f52c4f990cabaec772c112cd4e298ae4a8d848c5cb23d5ea06a5097079b033b0,0
/home/test/data/btad_original/BTech_Dataset_transformed/03/train/ok/0337.bmp,d3cb94ef5c0cd3f90bbe77240b0b0c3b045507d11fe4a020edcfb30424e428bf,0
/home/test/data/btad_original/BTech_Dataset_transformed/03/train/ok/0338.bmp,21ce398d942dbca69d5b30b2cdc4496b5c13a217def9105739be8e4e019469b6,0
/home/test/data/btad_original/BTech_Dataset_transformed/03/train/ok/0339.bmp,baf47bfcb19341f286ee021cedd9d35d48b00b920e11d41a8cb1f36e50374464,0
/home/test/data/btad_original/BTech_Dataset_transformed/03/train/ok/0340.bmp,5e2ca66f98833d781aaf411fef30c32c96b3aa0d52f314d26925de8e3b64a1ca,0
/home/test/data/btad_original/BTech_Dataset_transformed/03/train/ok/0341.bmp,ff78e85d41b03659022fcdd34910ba63fe1c723644d3d18ba4ef3979f39c8ebc,0
/home/test/data/btad_original/BTech_Dataset_transformed/03/train/ok/0342.bmp,f0aeba6d64f46572ab846c4f770c3ce181168e47d61b17f2d20d6a945a8e827d,0
/home/test/data/btad_original/BTech_Dataset_transformed/03/train/ok/0343.bmp,eea304a945705240042398aaf7b0096779067bd919086ca0c36397c7028d2f01,0
/home/test/data/btad_original/BTech_Dataset_transformed/03/train/ok/0344.bmp,b477fae9708ad4a3a367bbe3d099f4f97f626afc663ede0e27ce82d4fbad5441,0
/home/test/data/btad_original/BTech_Dataset_transformed/03/train/ok/0345.bmp,a675622ac7856b5f0788eef3efcdd62b0f39ebd2e5f927afd2e069bf67bc6610,0
/home/test/data/btad_original/BTech_Dataset_transformed/03/train/ok/0346.bmp,2c46605892d43a00191e59c31dd3c23db4dde4e70506216513077ea1fadff4d4,0
/home/test/data/btad_original/BTech_Dataset_transformed/03/train/ok/0347.bmp,f1c3b02eba7de81c2a89543078a524719d7d6aef34f2021893eae6e7ae924e39,0
/home/test/data/btad_original/BTech_Dataset_transformed/03/train/ok/0348.bmp,073f6d35e1e564fa85b1c1094e9ac27ad0f0ac4ec895f5ad34f9b82de110dfcf,0
/home/test/data/btad_original/BTech_Dataset_transformed/03/train/ok/0349.bmp,c9e2692718e49e3f00de7b5a5791f89a4c08126823a58337ba2cb6434a5e348e,0
/home/test/data/btad_original/BTech_Dataset_transformed/03/train/ok/0350.bmp,ce1f2e02dc050f192146485f12b308aacf9ba882a13a78770a6c379b0b2853d0,0
/home/test/data/btad_original/BTech_Dataset_transformed/03/train/ok/0351.bmp,34f57950cb9125f9a7a34626e94539b58839fe34335a51d1e67bad9c775e8c0a,0
/home/test/data/btad_original/BTech_Dataset_transformed/03/train/ok/0352.bmp,a7c221c9037d5b05f10913e47c5183e120db30d462b6557a8af9b1292ce2ea2d,0
/home/test/data/btad_original/BTech_Dataset_transformed/03/train/ok/0353.bmp,2b59a7504c80ee06e71d9c177c1676f0f03c4305e9bbbaa9a4ac0714cc43b479,0
/home/test/data/btad_original/BTech_Dataset_transformed/03/train/ok/0354.bmp,32a9a34c9abf4fd05ca63938be656e52c4bd28a5db7953778903ebe32de431b6,0
/home/test/data/btad_original/BTech_Dataset_transformed/03/train/ok/0355.bmp,7ffbb590e8bc99cd407e79a66cff5c269e6d4fc9fedcf65593177acc4fb90e91,0
/home/test/data/btad_original/BTech_Dataset_transformed/03/train/ok/0356.bmp,1972289d502942bb94c2c997c549e72f3d180322a4b8b36f4b7fcdcc80d29955,0
/home/test/data/btad_original/BTech_Dataset_transformed/03/train/ok/0357.bmp,dd7d1913939ef810cd9e28b7d01ba4a0c4eb1192ec67a097d0977012a9bd28e3,0
/home/test/data/btad_original/BTech_Dataset_transformed/03/train/ok/0358.bmp,a3290b50befd467e54343fc998d3631c860b8e026c869f776a879695ae41f705,0
/home/test/data/btad_original/BTech_Dataset_transformed/03/train/ok/0359.bmp,1d3f2d58279d9176433e945b20b662cb77358e564ce6daa2317d9a7c4f7cf450,0
/home/test/data/btad_original/BTech_Dataset_transformed/03/train/ok/0360.bmp,54a67bf0f7dfdc174da561b65b30e1832f11c47fde03178d57416a074c3491c9,0
/home/test/data/btad_original/BTech_Dataset_transformed/03/train/ok/0361.bmp,98b2b84d22029ac6b4a0827f914ae8edbd6a179de89b7d1e09ad5317f45f3810,0
/home/test/data/btad_original/BTech_Dataset_transformed/03/train/ok/0362.bmp,825adfc19c55b750ca557f2a2520cd46950e67df91a62fb36669a333a6075c9b,0
/home/test/data/btad_original/BTech_Dataset_transformed/03/train/ok/0363.bmp,d2cc5fa2b3d09be6d1fff841c184252ece1be8015ee5a493430e99bd23382e67,0
/home/test/data/btad_original/BTech_Dataset_transformed/03/train/ok/0364.bmp,ae48a205efb1ce2716d711cb47d5e625f66ce1acce279887cd4020d0e7d54343,0
/home/test/data/btad_original/BTech_Dataset_transformed/03/train/ok/0365.bmp,b7a38e53675c245bc6d48810c3bb27e61634f2d8d29a93fcc47e7d364e7ee4ab,0
/home/test/data/btad_original/BTech_Dataset_transformed/03/train/ok/0366.bmp,b73c593e8d652cf9b9dc76f9d2dfd2cc6afa3ab4889f59f3664c800948156a39,0
/home/test/data/btad_original/BTech_Dataset_transformed/03/train/ok/0367.bmp,829c42ddba5d3a6ba3fffd9d192e562d0d2e64eedbd523c1d6eb79e3bd5744b8,0
/home/test/data/btad_original/BTech_Dataset_transformed/03/train/ok/0368.bmp,84f827567ed89cd2b7d17a43e49ebbd6b6987c90cc85719f4352d324f92d24a5,0
/home/test/data/btad_original/BTech_Dataset_transformed/03/train/ok/0369.bmp,600a1720fa56b725b67c413ea99755da956d40694b1fd4d7aee7d978a7613b46,0
/home/test/data/btad_original/BTech_Dataset_transformed/03/train/ok/0370.bmp,6187a9f46406c1b94e4f911a0aa9a3aee8a902966ae19ea8c236b8ad2c646ef8,0
/home/test/data/btad_original/BTech_Dataset_transformed/03/train/ok/0371.bmp,eb4a33a9dcb3ff87ff285d16e92d190894cd80ad980cea0b116d4868f783dc20,0
/home/test/data/btad_original/BTech_Dataset_transformed/03/train/ok/0372.bmp,fc7a7134ebcdc9f4ff74a6d615cd60655612a20f28a3f11adf583ffa11d34922,0
/home/test/data/btad_original/BTech_Dataset_transformed/03/train/ok/0373.bmp,42a2908ee2bbce3921275f9a591b9d3def411b04de49bce88dc0983999e4cb14,0
/home/test/data/btad_original/BTech_Dataset_transformed/03/train/ok/0374.bmp,3a04ccea8f8f3296d36693fda7ee98492e0c26665eaa038ac7dbb0aad07ac333,0
/home/test/data/btad_original/BTech_Dataset_transformed/03/train/ok/0375.bmp,b66b472d46803662aea62b9c6d1f82edf9a7740c4db3c511330670188de376a5,0
/home/test/data/btad_original/BTech_Dataset_transformed/03/train/ok/0376.bmp,5b55008a8d6e1833a2a6dd81f3ec0704dfd8677bece093487d9a726b24e06f37,0
/home/test/data/btad_original/BTech_Dataset_transformed/03/train/ok/0377.bmp,a13ad78e9bc963249a4b794ef551b6cf57d23b9ce1b2f007807dfefa3389d97f,0
/home/test/data/btad_original/BTech_Dataset_transformed/03/train/ok/0378.bmp,e53cc2f82d2b25cf4d07db6166bfd77cd8e11c5f270465d36b67b80c8d330592,0
/home/test/data/btad_original/BTech_Dataset_transformed/03/train/ok/0379.bmp,06bda94b44995b1ffe729e1b9afedff9df0ee40e690b4d45a573a7ef14277df5,0
/home/test/data/btad_original/BTech_Dataset_transformed/03/train/ok/0380.bmp,855005f026c1f272f1a4520a02f0ffc9874e9f94b1c67ae8831e83581f7c949a,0
/home/test/data/btad_original/BTech_Dataset_transformed/03/train/ok/0381.bmp,1ecffa12eebf46df5e0b51cdea88e279c662a6d19613d3b81aec882f9244b30c,0
/home/test/data/btad_original/BTech_Dataset_transformed/03/train/ok/0382.bmp,5decb240ecac3cfe558a084e3d3d11fb7cce5b91fcadc99e4159c1365c0dc41e,0
/home/test/data/btad_original/BTech_Dataset_transformed/03/train/ok/0383.bmp,359955dcc6cf3d3372b8180381081beb3a1f3a8c0b065f2676c970dd4761c1f6,0
/home/test/data/btad_original/BTech_Dataset_transformed/03/train/ok/0384.bmp,67fd59540bd570f9da58a12f3ec0c0b8f20c642a75a489d9589bd9df4f2053be,0
/home/test/data/btad_original/BTech_Dataset_transformed/03/train/ok/0385.bmp,e27b848a014b522e7a0a1a84a5506726a392176aa535ae45707c0094683ab610,0
/home/test/data/btad_original/BTech_Dataset_transformed/03/train/ok/0386.bmp,c601800ff7650d164f95b8fd2bf06b7f7e9d7fb55626f52ac325cbd0581f98a4,0
/home/test/data/btad_original/BTech_Dataset_transformed/03/train/ok/0387.bmp,b1ca979c8e69b4dd6a01d9369bae258d520512a1e8f34cea0e3d6b1796316441,0
/home/test/data/btad_original/BTech_Dataset_transformed/03/train/ok/0388.bmp,803a9e304f6359d6705c03ddb5386baf7dfa234d9f3e87d33753d068c4168e93,0
/home/test/data/btad_original/BTech_Dataset_transformed/03/train/ok/0389.bmp,d52d6dfefc35e1e0a9bbda5cc210aa43a75c14f623777c9acb0b22519a05c7b7,0
/home/test/data/btad_original/BTech_Dataset_transformed/03/train/ok/0390.bmp,c5f4a074f5c1dc3ed4316c60e3bbafb6ecbffac02510a5712d37456be1002144,0
/home/test/data/btad_original/BTech_Dataset_transformed/03/train/ok/0391.bmp,262b89fc829df4887b1c8182e26b46c73db6f2753f01520aeb87ea070900f917,0
/home/test/data/btad_original/BTech_Dataset_transformed/03/train/ok/0392.bmp,92e2062496c305b78300b2da119e00fc858a806dd7253a11e9282b10114d6341,0
/home/test/data/btad_original/BTech_Dataset_transformed/03/train/ok/0393.bmp,945b88a44beb901b1229ee359aaf3fd1109beec0f3051985ece47a9ed23158b7,0
/home/test/data/btad_original/BTech_Dataset_transformed/03/train/ok/0394.bmp,45cbcc26c24b2a85d2b95333beb0ce92baf7baaea53d50607d7aca93fbf6733c,0
/home/test/data/btad_original/BTech_Dataset_transformed/03/train/ok/0395.bmp,b697517a771d2a43038833f534181dee900760c1f4c904d0f7ecc6769c4a3ac1,0
/home/test/data/btad_original/BTech_Dataset_transformed/03/train/ok/0396.bmp,7ccf5d99daa64acc1c839131c2779622e646182bced076f912340937a8d9d213,0
/home/test/data/btad_original/BTech_Dataset_transformed/03/train/ok/0397.bmp,268de67b8a94728c8ef7a9bb9321f1ed8b7621504d9750a6de6e4b6f448b9525,0
/home/test/data/btad_original/BTech_Dataset_transformed/03/train/ok/0398.bmp,6637e3914152589ab88f2eb4a6b3a02f363055d3f5855d19931b69dbd85839c6,0
/home/test/data/btad_original/BTech_Dataset_transformed/03/train/ok/0399.bmp,506ef31a81758bad6bc99cff2f6790ac3f573e9fe9e3e8a57d72e9dfba3bf568,0
/home/test/data/btad_original/BTech_Dataset_transformed/03/train/ok/0400.bmp,8b9b58104990f6350043b5a064d1ae9392d7db4c3b4fda05af1b07dd0033f71d,0
/home/test/data/btad_original/BTech_Dataset_transformed/03/train/ok/0401.bmp,2fc0813ef769acf2de7c6771cda232a2d27a4add8c766c0b7404a0d06c0450ae,0
/home/test/data/btad_original/BTech_Dataset_transformed/03/train/ok/0402.bmp,dd70c695956eea03637bd27fac51989eddab44e7d16da405d32b46d599f6d263,0
/home/test/data/btad_original/BTech_Dataset_transformed/03/train/ok/0403.bmp,1768f1494116ac4c69efd04f49d3860c16217adb7e19033303230e67b475b9e2,0
/home/test/data/btad_original/BTech_Dataset_transformed/03/train/ok/0404.bmp,8df4fb2c17ad7d0e3802759f241df22bc1a1bc6559fc625e59d7c90032d345d5,0
/home/test/data/btad_original/BTech_Dataset_transformed/03/train/ok/0405.bmp,e7609999ace9ac05eb2647298de4749162a1fc6bdedc4b05a31684e0ace492d7,0
/home/test/data/btad_original/BTech_Dataset_transformed/03/train/ok/0406.bmp,40ecf9ebaf9c6affca1ed5b80cb1edc9a2645d691be7454a56027b916649019d,0
/home/test/data/btad_original/BTech_Dataset_transformed/03/train/ok/0407.bmp,49dcd3d7aec92c2c0a89b89fb26f270d925054f39fd9c57cc8a9c66681134528,0
/home/test/data/btad_original/BTech_Dataset_transformed/03/train/ok/0408.bmp,3f7c9d74edc5efd6966367a0747a3cab0a7fa708a2788c82bd27212641ad6740,0
/home/test/data/btad_original/BTech_Dataset_transformed/03/train/ok/0409.bmp,ec3cbc3b84f21cb5f2762d11eada0ec28988b5b4305191311fef9d884c07ed21,0
/home/test/data/btad_original/BTech_Dataset_transformed/03/train/ok/0410.bmp,ad7c1f8f966ee1d702678994a77db38dbfa7f4a8f014aaa68ed8dc791d463d2d,0
/home/test/data/btad_original/BTech_Dataset_transformed/03/train/ok/0411.bmp,fc2c19f7d76475da48459d6d1fb926dd1c1b3c41c35ba5f70a38144a6557445f,0
/home/test/data/btad_original/BTech_Dataset_transformed/03/train/ok/0412.bmp,2994b850daf0a9fd91c7e10f3db283edc72c8a7eb39d67592e2a86fe36bfb1a5,0
/home/test/data/btad_original/BTech_Dataset_transformed/03/train/ok/0413.bmp,edccb6da7af87e26f333aed0b9ad0edcc6cd38b7e438301754e3c6740e389b15,0
/home/test/data/btad_original/BTech_Dataset_transformed/03/train/ok/0414.bmp,13b3a3ac4ee8e7b7d1e89e06a6c56dcfddf6dd1eecf660a5f339edbc89087914,0
/home/test/data/btad_original/BTech_Dataset_transformed/03/train/ok/0415.bmp,5c7cc22594157bf5809cb6bd95034b94f3c353da6df1d68993729ea508cc8e08,0
/home/test/data/btad_original/BTech_Dataset_transformed/03/train/ok/0416.bmp,cc3d341802f78b60f4776b299dce94e66d641f2aa3a196249ceddf7e4a98db1c,0
/home/test/data/btad_original/BTech_Dataset_transformed/03/train/ok/0417.bmp,949fffc0d902b5cf9b88d0d96dd4c2f3df2d8f8752cef951b71fd75056ed49c8,0
/home/test/data/btad_original/BTech_Dataset_transformed/03/train/ok/0418.bmp,be20945c9b09be9847d22c3acf9e935963decf182e981f85547d3660dd0fc3df,0
/home/test/data/btad_original/BTech_Dataset_transformed/03/train/ok/0419.bmp,f64f5dd26ff60c393d2ced51141a8f144273e58de3b196121f48916c56b28176,0
/home/test/data/btad_original/BTech_Dataset_transformed/03/train/ok/0420.bmp,c67755709986a8afa106a5247e31d6d73d6e5d16b30cecfca1391975d2720aa2,0
/home/test/data/btad_original/BTech_Dataset_transformed/03/train/ok/0421.bmp,6074d85e086035378d43439681ea529a1d7469d4f8b0e705230a2277b2f5fe84,0
/home/test/data/btad_original/BTech_Dataset_transformed/03/train/ok/0422.bmp,91cac3800355bf3a2ba766214e8e32f53385c1995ad2f286e51f8cfd97b492eb,0
/home/test/data/btad_original/BTech_Dataset_transformed/03/train/ok/0423.bmp,fbbd6a386bdda3fe8afbc06520ef0c66c2f4bb2d570645ee85b5b0f720571fdc,0
/home/test/data/btad_original/BTech_Dataset_transformed/03/train/ok/0424.bmp,d69d055d034b1e7ebaf4dc4e5079f08c1f81dd2972de40349ff1f41897f68687,0
/home/test/data/btad_original/BTech_Dataset_transformed/03/train/ok/0425.bmp,355cc905fbc5f6689bf185afb511c35d5f31baa0879d29d9cc3b6d86faabc014,0
/home/test/data/btad_original/BTech_Dataset_transformed/03/train/ok/0426.bmp,2a66188cc523ba187584c815473e2a509b1c23bfaded384393f1e0fdc0ab738c,0
/home/test/data/btad_original/BTech_Dataset_transformed/03/train/ok/0427.bmp,4a2858fa4c7cb64b6ca87d8fb6acd3c46e0b65adb655d7ea9103e49cdbc9264a,0
/home/test/data/btad_original/BTech_Dataset_transformed/03/train/ok/0428.bmp,af877f62f69228dc28bdf4b97919bf5ce46519132871907e0b5777d4fa656c3a,0
/home/test/data/btad_original/BTech_Dataset_transformed/03/train/ok/0429.bmp,1b51213152650c4e27424a058d5e8552e2efcef4fc1983f6351cf496d661b4d3,0
/home/test/data/btad_original/BTech_Dataset_transformed/03/train/ok/0430.bmp,421eb9772b6f12c12cee878bb397e8713e2dc82bf5910a643d7564003bd7d131,0
/home/test/data/btad_original/BTech_Dataset_transformed/03/train/ok/0431.bmp,581f536cc790eda7e8d8a4df15f6d58070bdac8a1b0b425c3c8a0a7c8a579f29,0
/home/test/data/btad_original/BTech_Dataset_transformed/03/train/ok/0432.bmp,25eb8b56dd28b917ce2ae75077cb717905a1cac6d12fe1a9dfade21fd45f38f0,0
/home/test/data/btad_original/BTech_Dataset_transformed/03/train/ok/0433.bmp,49ebf5ce7e4c2f01a55b3665e031be08700b336efccbeaf9b94cad44ffa70994,0
/home/test/data/btad_original/BTech_Dataset_transformed/03/train/ok/0434.bmp,2957b4af24394c837c79feb7c666e85a0ee2472dd9548a5aba7c15d46bed5935,0
/home/test/data/btad_original/BTech_Dataset_transformed/03/train/ok/0435.bmp,ea6d4ba4dcbb429237684c720de5346805caf9cde12c3564a7473be4e024c7b2,0
/home/test/data/btad_original/BTech_Dataset_transformed/03/train/ok/0436.bmp,c3f89c93f8cac1d9cb59f139e2719cad6bf8c7e7a5b79248e19514b11b4fc6cc,0
/home/test/data/btad_original/BTech_Dataset_transformed/03/train/ok/0437.bmp,4d2ac8dc82eac73cdf274dedd2996963eb3dfbf2235c80952a0e6e29be35efd3,0
/home/test/data/btad_original/BTech_Dataset_transformed/03/train/ok/0438.bmp,27486b3776feb6bc06a958197c0b48103422cfa68787e11c547fca8e617c9026,0
/home/test/data/btad_original/BTech_Dataset_transformed/03/train/ok/0439.bmp,4802494e647e23547c9ad43f2ee60d7e7e3f0fef4dbd958e979baa74b44e4618,0
/home/test/data/btad_original/BTech_Dataset_transformed/03/train/ok/0440.bmp,abe4a8bb9a45525748315171dfb9767ecf99367fa6ba80d0f651d444a2321d6a,0
/home/test/data/btad_original/BTech_Dataset_transformed/03/train/ok/0441.bmp,c60e11a2742ec2366a0982820d4a008ed602f8eaa7f2c07169942e86b15fc1ad,0
/home/test/data/btad_original/BTech_Dataset_transformed/03/train/ok/0442.bmp,a5b2f293dc3ba0b8001e67ea42504a1700a3f4b2ba5fdea6da7da3ca01b72235,0
/home/test/data/btad_original/BTech_Dataset_transformed/03/train/ok/0443.bmp,6f504fe7267f993d8a73e7e6c690aabf88d2283243f7557e032620a250fddd62,0
/home/test/data/btad_original/BTech_Dataset_transformed/03/train/ok/0444.bmp,558037153b5bb5f22a17433857dcb5eb74605f0eec9919c9bcdbf7f9a2071a82,0
/home/test/data/btad_original/BTech_Dataset_transformed/03/train/ok/0445.bmp,d2ec896c485cf51c0581012080ef2ef888472ec8e515a73d2388c0a28fd77b62,0
/home/test/data/btad_original/BTech_Dataset_transformed/03/train/ok/0446.bmp,38e0433b1b75220b9c2e75082668731d1c6b1f316a78e569a590f38488d7b21d,0
/home/test/data/btad_original/BTech_Dataset_transformed/03/train/ok/0447.bmp,6dc00c2f910e650033c432bbf7aac7d7ec1509a012ebf8a3f5b34e34292c1216,0
/home/test/data/btad_original/BTech_Dataset_transformed/03/train/ok/0448.bmp,18c142439915cc26a3882c09e6d8585a8fd116e30024743be3ed6f690b05fb4d,0
/home/test/data/btad_original/BTech_Dataset_transformed/03/train/ok/0449.bmp,8369200a2cd3267dc9110877cfd5a44b7738c09929cefff7de76737c3f726139,0
/home/test/data/btad_original/BTech_Dataset_transformed/03/train/ok/0450.bmp,d97d34ee4b67dc8ccf22a0dbaa586e1822b824eaf210158b813977addd037215,0
/home/test/data/btad_original/BTech_Dataset_transformed/03/train/ok/0451.bmp,32ca9d4dc5feddbd60a06476535b1dcf5937d5171589b0980e6ac132ac33fd47,0
/home/test/data/btad_original/BTech_Dataset_transformed/03/train/ok/0452.bmp,e41ccfa4d1ec932ffa19038684bd889f4c3bc348db8209a0058f8cd8fadbccfb,0
/home/test/data/btad_original/BTech_Dataset_transformed/03/train/ok/0453.bmp,bead8bd6dea8c7b5bd87f31bc7a16e6782022068956da0958a0c894ab1c86f55,0
/home/test/data/btad_original/BTech_Dataset_transformed/03/train/ok/0454.bmp,c15b6c80a6df8c25d12f8f9367640a6e17af4ac446bac531ff00fbca795c71cd,0
/home/test/data/btad_original/BTech_Dataset_transformed/03/train/ok/0455.bmp,6d74dc62665dabf934e3c349d1e8d91bac041bd45985265fdfc2a90d857ab826,0
/home/test/data/btad_original/BTech_Dataset_transformed/03/train/ok/0456.bmp,aae9b36142546945f35cdf2522cf3e7766c7bbe50e3c36850ea4858d056c88b7,0
/home/test/data/btad_original/BTech_Dataset_transformed/03/train/ok/0457.bmp,bc9a2293d078d6d9db8f8b4ebcab1f92eeaf8c68f03224f6afd5042682ac23c7,0
/home/test/data/btad_original/BTech_Dataset_transformed/03/train/ok/0458.bmp,84fc873210e1e105eab3702f329d22e8b787cd40a52672e18ac4332beef7219d,0
/home/test/data/btad_original/BTech_Dataset_transformed/03/train/ok/0459.bmp,59074148be54de45c75aef131f4ceb154c4008524748a6256dece5db72ae5290,0
/home/test/data/btad_original/BTech_Dataset_transformed/03/train/ok/0460.bmp,51d47822904656dc313c85ac488858ff2f4b25a7c08b95a99453e43e65f4a74e,0
/home/test/data/btad_original/BTech_Dataset_transformed/03/train/ok/0461.bmp,56795e32d3f4f527b9d00263641bbeb131552cc44510debc39d694ac2a511ae0,0
/home/test/data/btad_original/BTech_Dataset_transformed/03/train/ok/0462.bmp,a5f272e75582308524a4c23662aec9f9c5e265045bf8690e23cf0e8da453992e,0
/home/test/data/btad_original/BTech_Dataset_transformed/03/train/ok/0463.bmp,739cef0a68a6dae2d7a8aa33973ccbee54102c90b5363af7d9462702c540e1a3,0
/home/test/data/btad_original/BTech_Dataset_transformed/03/train/ok/0464.bmp,fa57c23ce8af023ed79c1fdcbea40e3a9c8797105b8b5414b1eaa46d9e750851,0
/home/test/data/btad_original/BTech_Dataset_transformed/03/train/ok/0465.bmp,8db23f40d3195b4736dcaf4a55b9bc354b4c026e9ae2168d4d56e683d9c9d0d7,0
/home/test/data/btad_original/BTech_Dataset_transformed/03/train/ok/0466.bmp,7aff99119444001185198011037005e0909912d228272d4fa32d3322ece0b7e4,0
/home/test/data/btad_original/BTech_Dataset_transformed/03/train/ok/0467.bmp,515c4084fdd8f9e1e66029d4f6ca37dce255749c82839bf0b83cc041bf475502,0
/home/test/data/btad_original/BTech_Dataset_transformed/03/train/ok/0468.bmp,7c46137022ce8c38cb8eaccd6389ab0b09f14d2a3dbe3345635e32aaac729c61,0
/home/test/data/btad_original/BTech_Dataset_transformed/03/train/ok/0469.bmp,58e95afe7d591fbab244f2c4dc4600f21d0b53b4f549387f74a8a10699d9d9a1,0
/home/test/data/btad_original/BTech_Dataset_transformed/03/train/ok/0470.bmp,641f6d534d80a2c3cc7d20373bf26d4630334eb0128bcb12ff8d14c3e3cb8c58,0
/home/test/data/btad_original/BTech_Dataset_transformed/03/train/ok/0471.bmp,e81201be2ab51f62eb90d1b2a11957df5227336f3acb2072df72a932ca62bca5,0
/home/test/data/btad_original/BTech_Dataset_transformed/03/train/ok/0472.bmp,f4401e9662f8be675a56a51989a6d20984468111e0bac7fcffadd59f4f4bd9ce,0
/home/test/data/btad_original/BTech_Dataset_transformed/03/train/ok/0473.bmp,9a30d78a87f6616dfd974d02a6d011737270207f5e4682d789e54197fd395401,0
/home/test/data/btad_original/BTech_Dataset_transformed/03/train/ok/0474.bmp,38bf04aae841abc13ef38d98f11ec76eb501016da3aee174a4ad9c0f9327cd31,0
/home/test/data/btad_original/BTech_Dataset_transformed/03/train/ok/0475.bmp,071c2864c78ae9f2b61ee14a83fc8726c59d4342077cb4a0a3d000513d1a07ce,0
/home/test/data/btad_original/BTech_Dataset_transformed/03/train/ok/0476.bmp,dd1dda51b2da59dfafa8a72d5b0c06c73511f7573426a003ebd73e78285f68d3,0
/home/test/data/btad_original/BTech_Dataset_transformed/03/train/ok/0477.bmp,ebb0c547c908ad435b2fb3bab23e4281310e075257a3feec44599732b34bae66,0
/home/test/data/btad_original/BTech_Dataset_transformed/03/train/ok/0478.bmp,01624a31dd2b518adadf4b2caf57cab326bb85efc8bbdfda19b9c054e3a619fd,0
/home/test/data/btad_original/BTech_Dataset_transformed/03/train/ok/0479.bmp,f51de79b0601ab5d63a0708a884f501d2ed453f91db24891342d2e205a82ae17,0
/home/test/data/btad_original/BTech_Dataset_transformed/03/train/ok/0480.bmp,22b51269b471a2de96bf4d34f75e17c635a5ee559e4be168809fec901360566e,0
/home/test/data/btad_original/BTech_Dataset_transformed/03/train/ok/0481.bmp,ab0f85ac698195d6a22dec88baf3dd0b1ab2942f35a29a4051ba8d2933648bf5,0
/home/test/data/btad_original/BTech_Dataset_transformed/03/train/ok/0482.bmp,35d96be9e4e01390245f45d9ff585dd4797aa1c5af3c6b96dfbba353bb8e6bc7,0
/home/test/data/btad_original/BTech_Dataset_transformed/03/train/ok/0483.bmp,135ee3bbfc2b7185630fc2fe0a62865b447296b9873157c55b756cc1f7927b7b,0
/home/test/data/btad_original/BTech_Dataset_transformed/03/train/ok/0484.bmp,2914b44c275d6c7e2f6eef19b43107b310106764a47155bd2b4a66c5fb777e54,0
/home/test/data/btad_original/BTech_Dataset_transformed/03/train/ok/0485.bmp,aa9decff1ea2c0c27bee1fbd5e8b764501bea30881e2a23c8918dafeffe3bec0,0
/home/test/data/btad_original/BTech_Dataset_transformed/03/train/ok/0486.bmp,185deab74157ac180ac6c56369781416add54983538212e9469f3e0054b2663d,0
/home/test/data/btad_original/BTech_Dataset_transformed/03/train/ok/0487.bmp,9ba51dd222043e6e69135a53d220096eb64138bbc34b52f4838cf9e09a568111,0
/home/test/data/btad_original/BTech_Dataset_transformed/03/train/ok/0488.bmp,2ef9cc769767d1dabf8e50f394726d7b28bb19f1e5147b2b7e4ba7045de007ca,0
/home/test/data/btad_original/BTech_Dataset_transformed/03/train/ok/0489.bmp,1f44fa653489b76f854954b1f79a2c3cc6b504bcb3bd03c37abbc48ff32e1054,0
/home/test/data/btad_original/BTech_Dataset_transformed/03/train/ok/0490.bmp,938783151be6eb38871b0df3dede7c77386a8539459ec3f3fd99f79936396bae,0
/home/test/data/btad_original/BTech_Dataset_transformed/03/train/ok/0491.bmp,1a2d69e2323c6c267aea41ceb0f5aa7d528ca9f56f5dc7f71dd2e4b2f5794919,0
/home/test/data/btad_original/BTech_Dataset_transformed/03/train/ok/0492.bmp,68ccd7650c309f55feb6273e096328aba26c96b8adfa85a3c754ad2fd1ab6f74,0
/home/test/data/btad_original/BTech_Dataset_transformed/03/train/ok/0493.bmp,327a43ff94052953518ed534525aee8732e313214ba28b9e34637706aab453b2,0
/home/test/data/btad_original/BTech_Dataset_transformed/03/train/ok/0494.bmp,2e2592996e19287d64a293ea571e6c19c0a9660146ca6f6408bbdf53160b494a,0
/home/test/data/btad_original/BTech_Dataset_transformed/03/train/ok/0495.bmp,91a236635e0af8a17a55ea9ace9938451f82d6ca2719e1a051f3a29369717827,0
/home/test/data/btad_original/BTech_Dataset_transformed/03/train/ok/0496.bmp,d7be775d54066aee19455cd464b7eda608713283ff0dfe3484cce53992f0f957,0
/home/test/data/btad_original/BTech_Dataset_transformed/03/train/ok/0497.bmp,adae9588736ade3d2c225ba990aebb5059a8954d7a907847e389bb38eef1104a,0
/home/test/data/btad_original/BTech_Dataset_transformed/03/train/ok/0498.bmp,5625831e07d6cc64cc13ba7e7c523eaba632e3e2132e6a0f1da10d225e55bf2e,0
/home/test/data/btad_original/BTech_Dataset_transformed/03/train/ok/0499.bmp,423ff9b294581b7086a6ebd5b7f6e2114232a89b5aefa7257bc2810da7fc3197,0
/home/test/data/btad_original/BTech_Dataset_transformed/03/train/ok/0500.bmp,5f128a6fd9a83c3943d608e25c3d78a518644cf0391a3aafd15dcc8d597510a0,0
/home/test/data/btad_original/BTech_Dataset_transformed/03/train/ok/0501.bmp,49966e27018cf2eb48bdd7ea5ce53095eb5e464addadc14882ec5bc1db7e8e1f,0
/home/test/data/btad_original/BTech_Dataset_transformed/03/train/ok/0502.bmp,f93395007f622ef4b4d0d418c372e670c5f1d9d521a4df49bef323041279169d,0
/home/test/data/btad_original/BTech_Dataset_transformed/03/train/ok/0503.bmp,4ed6ad95735cdc55e3a9569d9f0eb2a1ed60b2b9c7ad2ad4a4fbe5377b1390ba,0
/home/test/data/btad_original/BTech_Dataset_transformed/03/train/ok/0504.bmp,3cf26db9e3fe73e80b151cd3b641856be80da64ca3022e24dfcdbe9f6ffde626,0
/home/test/data/btad_original/BTech_Dataset_transformed/03/train/ok/0505.bmp,caa2077ba82c683135afb0ceba26f7d1de7f7742192b8ede53ce58e7782e6047,0
/home/test/data/btad_original/BTech_Dataset_transformed/03/train/ok/0506.bmp,b574c15c446a7d8d0d1a7319fb95380d5cdecb27d6d65d2bb16f8dcb611a5029,0
/home/test/data/btad_original/BTech_Dataset_transformed/03/train/ok/0507.bmp,ef10a68df4873a9c13e7324e11a9c47ca88f66014432e7d0b34fe714088216e5,0
/home/test/data/btad_original/BTech_Dataset_transformed/03/train/ok/0508.bmp,5afb538e3d5f65f6bb82aa78f6889d543f772a584351dab0e30f617d258c62cf,0
/home/test/data/btad_original/BTech_Dataset_transformed/03/train/ok/0509.bmp,ba6bef90af8e3a39b005c4fb7d4074936a5f8a70c870a1fe10793888b5ae1174,0
/home/test/data/btad_original/BTech_Dataset_transformed/03/train/ok/0510.bmp,54132c24b835dbc312cb400431c5a6f3a11a130058027222f8c83d7300114af2,0
/home/test/data/btad_original/BTech_Dataset_transformed/03/train/ok/0511.bmp,942d1404847a402e3e962f53e041ac8c3704e77f37be882b12db8752198961a4,0
/home/test/data/btad_original/BTech_Dataset_transformed/03/train/ok/0512.bmp,c43f2bd9a5af87473819e87727b348a6c5d99afcb528e30ac50acda015e21ead,0
/home/test/data/btad_original/BTech_Dataset_transformed/03/train/ok/0513.bmp,20af8ecee1f5f1754e12a7be7da1d29348d402036a599a4cb5237e31b41d7206,0
/home/test/data/btad_original/BTech_Dataset_transformed/03/train/ok/0514.bmp,65522ca409499f2caff76a7f8427d32ef401c63957a41db13acd91ab0a739cdc,0
/home/test/data/btad_original/BTech_Dataset_transformed/03/train/ok/0515.bmp,0f6e6dd900594a151d1de5f48330f872a75508ac0a99dfb8c883f1487cc4e777,0
/home/test/data/btad_original/BTech_Dataset_transformed/03/train/ok/0516.bmp,25dedcdd1912be38e96867868354623ccf3f5dca0a800954f448b2d6fa0bb2ea,0
/home/test/data/btad_original/BTech_Dataset_transformed/03/train/ok/0517.bmp,a50b136b1fa3c49dc2c489d2c3e3a72be7fd902604779746dd79d84f45b157c3,0
/home/test/data/btad_original/BTech_Dataset_transformed/03/train/ok/0518.bmp,be7092c14059fd85e7544f231f6c88ebb4421cdd2ba30881b13101b7fe4ea258,0
/home/test/data/btad_original/BTech_Dataset_transformed/03/train/ok/0519.bmp,1e4dd8143a152f4c97b838ae6a6c5eb0962ced3a6e434911503b6b12a3a582f2,0
/home/test/data/btad_original/BTech_Dataset_transformed/03/train/ok/0520.bmp,d0d1e7ab81b8528b8ef7813a80c19b2913a8d2eac0e70683551e054c2dbeac13,0
/home/test/data/btad_original/BTech_Dataset_transformed/03/train/ok/0521.bmp,b3a7596d656f6828a89cab5d13a573c77978c312c5298fc7cfee787a7ee200e0,0
/home/test/data/btad_original/BTech_Dataset_transformed/03/train/ok/0522.bmp,6d1c16b67eab6a554e1a61b7961ffbae0bb8ffe0408085a2864d3963a6c30028,0
/home/test/data/btad_original/BTech_Dataset_transformed/03/train/ok/0523.bmp,661eeeb1a1db923bc4918748424ef700c00a31b6b00f40612140782d013bd6df,0
/home/test/data/btad_original/BTech_Dataset_transformed/03/train/ok/0524.bmp,f78050919fabb7dae1ef9e7fdbad5fe2cd033597467ef9ed088c357236ac3d04,0
/home/test/data/btad_original/BTech_Dataset_transformed/03/train/ok/0525.bmp,c7f382b5404616c879667ec935800f0ff5bb1bd606797a33ed7475f9404237c7,0
/home/test/data/btad_original/BTech_Dataset_transformed/03/train/ok/0526.bmp,b677f3be202e312c45c436f0b8680318b9f875371a55efe527c6303dafb6fa68,0
/home/test/data/btad_original/BTech_Dataset_transformed/03/train/ok/0527.bmp,97399102e5a08983d939fae8525ecb1a2362c64f0fc0f127522b1a7a99239fca,0
/home/test/data/btad_original/BTech_Dataset_transformed/03/train/ok/0528.bmp,5e6675e8ccf0c9cbff7514bb1bd23fbfdb4a30a4c3d7d3ec43f1bfd2698afb1f,0
/home/test/data/btad_original/BTech_Dataset_transformed/03/train/ok/0529.bmp,d1751fef2428e4a38ed248bb27fecf48dc62d94edec326253fa53303622df194,0
/home/test/data/btad_original/BTech_Dataset_transformed/03/train/ok/0530.bmp,36349aefd00f254d1c69b604c7fc7ba7293d4fb5759808074ce69bd1ac1633e8,0
/home/test/data/btad_original/BTech_Dataset_transformed/03/train/ok/0531.bmp,0363eb0309d40e995a38e44008c3f67452c6295c2370155b2b77559978092f6b,0
/home/test/data/btad_original/BTech_Dataset_transformed/03/train/ok/0532.bmp,ed157f9171946d4a6df027d718b01cbd6a662f9f170b984ce7fc4e964e59a107,0
/home/test/data/btad_original/BTech_Dataset_transformed/03/train/ok/0533.bmp,c5959bf6b3f009c476ee14f7248cac918cf3325b29a4f762772faf33be4be366,0
/home/test/data/btad_original/BTech_Dataset_transformed/03/train/ok/0534.bmp,5025c94f52c21fe7623fadf3ab5b5441a4895f0f2c6e6cdec2bd06e46f24b201,0
/home/test/data/btad_original/BTech_Dataset_transformed/03/train/ok/0535.bmp,2fb5300bdcac50428401ea5d7cda1be78d86a909bc7d3297089492824fa13980,0
/home/test/data/btad_original/BTech_Dataset_transformed/03/train/ok/0536.bmp,65d097efcb644989e1ede8516d1f9c9c3ca0825dff32fb0c9290f3a9db3fa696,0
/home/test/data/btad_original/BTech_Dataset_transformed/03/train/ok/0537.bmp,702da463a46ffd7f2fd38c0f4887e64a3c97703062515f2bb61f4fc3f52c1e84,0
/home/test/data/btad_original/BTech_Dataset_transformed/03/train/ok/0538.bmp,1ba6672c38c07dfbc6647f0023ab7410165f161b945c52a2b8fa60193300972e,0
/home/test/data/btad_original/BTech_Dataset_transformed/03/train/ok/0539.bmp,05bf89ac4374c773bae8bcb346cc08ae96ca70d82df134bc6c161757bf52de4f,0
/home/test/data/btad_original/BTech_Dataset_transformed/03/train/ok/0540.bmp,33c64c2555c549b8193e49583228e667c16685d6f00c1a8b63f4c50214b3a398,0
/home/test/data/btad_original/BTech_Dataset_transformed/03/train/ok/0541.bmp,68bc1bc9a12d1427872719148deb95ef87490b4baeb1b700d92926b269a62342,0
/home/test/data/btad_original/BTech_Dataset_transformed/03/train/ok/0542.bmp,5aa1800851a78bf2c86faada3b4b4b9a9abc45383f856b3127d0332086467e6f,0
/home/test/data/btad_original/BTech_Dataset_transformed/03/train/ok/0543.bmp,a12b4ffc04c8f0ad84811e7025f330d51942b4b2c077eec70757c2f0c025da69,0
/home/test/data/btad_original/BTech_Dataset_transformed/03/train/ok/0544.bmp,3fd654bb4d08c6e7e8e5c8a9c55396ed32da7b38b1eeaefe0a8209d0623d8db3,0
/home/test/data/btad_original/BTech_Dataset_transformed/03/train/ok/0545.bmp,4d0127d4f7f7f85bca994ba031dbe8379cb5ce5b42285b8de17be90ef2792c13,0
/home/test/data/btad_original/BTech_Dataset_transformed/03/train/ok/0546.bmp,c7e90b857a88af6fb759903c5acf2e739334ceed271839b4a071c3a1898cb4bd,0
/home/test/data/btad_original/BTech_Dataset_transformed/03/train/ok/0547.bmp,e29a79d63dbf1cf0e2e786cb1ff86882bcf2d0ba1bf92295006aa0b249919fd1,0
/home/test/data/btad_original/BTech_Dataset_transformed/03/train/ok/0548.bmp,ee8e2edece199ee3a2c971645545e2a4bfaf63a133e0d26c7f7df1579d895436,0
/home/test/data/btad_original/BTech_Dataset_transformed/03/train/ok/0549.bmp,ab6624f89a79209aa1a8a6001da78fdfccea0f39480e7875ab5f14505bb7c223,0
/home/test/data/btad_original/BTech_Dataset_transformed/03/train/ok/0550.bmp,9341dd1e6a75e90cf4be6e9d375dd885d2b93f80e1ffde0a7633ae20d7bc6a6d,0
/home/test/data/btad_original/BTech_Dataset_transformed/03/train/ok/0551.bmp,00581c9a0a9719e4b64d57889562652359f06b073ce4cd5cba4b6072b6d4054c,0
/home/test/data/btad_original/BTech_Dataset_transformed/03/train/ok/0552.bmp,f2ec539effe9ce0c257a30eef85b2fd4dcf86e846b22c52e6ac9b4661708d64f,0
/home/test/data/btad_original/BTech_Dataset_transformed/03/train/ok/0553.bmp,fbf455521fc0beca49752e3c319178fbc0b212223d3fc0900b6c780843e9d69c,0
/home/test/data/btad_original/BTech_Dataset_transformed/03/train/ok/0554.bmp,ca081d1ebc58ab62928fa72caffd7c2b9d4f09f0f05d16836ba56e49a2e944d7,0
/home/test/data/btad_original/BTech_Dataset_transformed/03/train/ok/0555.bmp,3c1cb6d40cf9aeb6a08c7a4fa44f8ca9e60b05952068feb4ef151a3396e628e1,0
/home/test/data/btad_original/BTech_Dataset_transformed/03/train/ok/0556.bmp,10562cd3366702a46aec505a9628affc2fcd1db5670cff412eec961c55c7fda9,0
/home/test/data/btad_original/BTech_Dataset_transformed/03/train/ok/0557.bmp,f5b9498c866f7f5e686fecd8c531daf87c5e7b9e9332def3ae22e91bb708aed2,0
/home/test/data/btad_original/BTech_Dataset_transformed/03/train/ok/0558.bmp,cd2686f6a3676c2f8b0e098817227eb106479b0350ddcee5ed31101d181992e5,0
/home/test/data/btad_original/BTech_Dataset_transformed/03/train/ok/0559.bmp,9cbf24e243819db394ea89424da1e5b3af4b7254e51a9e99add82000623a717c,0
/home/test/data/btad_original/BTech_Dataset_transformed/03/train/ok/0560.bmp,f223f21f92d0cd4a73206bad342730a557fdbf4c5a5ba886dcaf9d193abb9a4f,0
/home/test/data/btad_original/BTech_Dataset_transformed/03/train/ok/0561.bmp,ccaf00ec8eb96a6d615fb5ffca49aeb6824ac78be3d2d08eefd6b4947dfe7abe,0
/home/test/data/btad_original/BTech_Dataset_transformed/03/train/ok/0562.bmp,d9dcd757945c7f14095580708c2c8085af6de7d4595c41d0472004e922236230,0
/home/test/data/btad_original/BTech_Dataset_transformed/03/train/ok/0563.bmp,bc31aeefd024d41c36c37a0c7f129076242b88f19a01d2ade31e16928acaa88e,0
/home/test/data/btad_original/BTech_Dataset_transformed/03/train/ok/0564.bmp,bae6e05efd1fb29af9e8d8643be336caf61b22298164094258b28da45805978a,0
/home/test/data/btad_original/BTech_Dataset_transformed/03/train/ok/0565.bmp,8d59df3b49b91f661aa49a37257e55c3364e94e76aa8e33d1fdd817ed51d98ac,0
/home/test/data/btad_original/BTech_Dataset_transformed/03/train/ok/0566.bmp,5d36c04f424d76a75377006389b0d88a9227418038a45ce9c13bff13cccb62f6,0
/home/test/data/btad_original/BTech_Dataset_transformed/03/train/ok/0567.bmp,821fc927cfa7b9f77fdf2671a4d54bdb64f51c20923f722ab74adabcf9d49249,0
/home/test/data/btad_original/BTech_Dataset_transformed/03/train/ok/0568.bmp,cd18017768d6f64b89defda28bca7b45efb52311a15e45baf53b52265c9aab8a,0
/home/test/data/btad_original/BTech_Dataset_transformed/03/train/ok/0569.bmp,fc4939071f16f62a3a2c549db79e2b84529cd9583267e8c0f054b3c0be18b824,0
/home/test/data/btad_original/BTech_Dataset_transformed/03/train/ok/0570.bmp,28df9c1bf903d654ee2847c67048ee9f746deb1ede82a4d41c09dcb942b6c004,0
/home/test/data/btad_original/BTech_Dataset_transformed/03/train/ok/0571.bmp,1096ffac9a5f54aac5e36e8e72c90807aa8b2889eb0cba053ec7b3d8810aea52,0
/home/test/data/btad_original/BTech_Dataset_transformed/03/train/ok/0572.bmp,7200d8f9803d6ac82acf53ee7893383c332b1eb05ea818112cc668a8797aa1f6,0
/home/test/data/btad_original/BTech_Dataset_transformed/03/train/ok/0573.bmp,17f2bddf0f13f3742de7888e08d5a373bbad9f95e556fa6ed53d1de725cd3787,0
/home/test/data/btad_original/BTech_Dataset_transformed/03/train/ok/0574.bmp,10f18227966876e0bd00ddade8bf0d278dd51d7ad28c0d7ef04efd7a49f79224,0
/home/test/data/btad_original/BTech_Dataset_transformed/03/train/ok/0575.bmp,2e195bd002e11fc60648517255ec7b20b68e3631d2a39fb11af9e7536cf1be03,0
/home/test/data/btad_original/BTech_Dataset_transformed/03/train/ok/0576.bmp,2fdaa47a0a3f7ae8f0cea58b98bdd0a8c2c1159600ef3c4ac18774ed7e73ef53,0
/home/test/data/btad_original/BTech_Dataset_transformed/03/train/ok/0577.bmp,91296b3528738f273500e1dd5e0c6e691a39d8598a32ea59b5c621074e7b2a89,0
/home/test/data/btad_original/BTech_Dataset_transformed/03/train/ok/0578.bmp,f10fc674ee4ce80f86817bf0b526189bed6f9e1e24fed7bfb1592069eb8fee80,0
/home/test/data/btad_original/BTech_Dataset_transformed/03/train/ok/0579.bmp,708822a6dc1f43bad1e44744f1af8cba258c561c4e53f85fb5bccd07b4c80542,0
/home/test/data/btad_original/BTech_Dataset_transformed/03/train/ok/0580.bmp,894e930837031327fe0c9844d077d1d52f1dece89f2cfa34cfc96df905a51cb8,0
/home/test/data/btad_original/BTech_Dataset_transformed/03/train/ok/0581.bmp,079f0ac93918c8274aca5504bfdb948860088e034c2145c729a9b5322d81a891,0
/home/test/data/btad_original/BTech_Dataset_transformed/03/train/ok/0582.bmp,54b61e764c52792f809de143c3481e111cfdd9712c2f5562b94e9eac6c6e009e,0
/home/test/data/btad_original/BTech_Dataset_transformed/03/train/ok/0583.bmp,02fb44837a068ce1d5ae9533f737ba7cb7aecbf458d1f498a272cf55fa093bbc,0
/home/test/data/btad_original/BTech_Dataset_transformed/03/train/ok/0584.bmp,7084519e49e376968eb7f855bbdd825d84a6a4fb1911cb2764aa71011094e2f0,0
/home/test/data/btad_original/BTech_Dataset_transformed/03/train/ok/0585.bmp,97fa8d2eb744c6a7f1c6ae21bb5bb6c3d25213be4cbb8239c18b83982a382737,0
/home/test/data/btad_original/BTech_Dataset_transformed/03/train/ok/0586.bmp,df18283084565452ad2b2339150ebe2a603f4598f85d5bcb86a33bdea7de0f83,0
/home/test/data/btad_original/BTech_Dataset_transformed/03/train/ok/0587.bmp,4a51a092e46963ea7ece3c42dab9345f6b735fe5d184c392d9651dbd3c381489,0
/home/test/data/btad_original/BTech_Dataset_transformed/03/train/ok/0588.bmp,0a55fb7a3d5e4295eb4937f5beecb6100ae0c7c2d7cf200b879b91388f5b63c9,0
/home/test/data/btad_original/BTech_Dataset_transformed/03/train/ok/0589.bmp,ca996ce8f1583d274468c0bb755a3b0019c893f42c7915710a2145851bd360ce,0
/home/test/data/btad_original/BTech_Dataset_transformed/03/train/ok/0590.bmp,a7413a9996e567ccc80c482f70d71206807e6f94eaac0eac3c6c15e14e596c56,0
/home/test/data/btad_original/BTech_Dataset_transformed/03/train/ok/0591.bmp,fcaafe241916f11f0a7898a185f4cddcc48f3a524bcbd7bfe23b00b7681b0a29,0
/home/test/data/btad_original/BTech_Dataset_transformed/03/train/ok/0592.bmp,167b6470a49d06d2100e3b0c719919bc0429af519adc5464e908fb94b22b1657,0
/home/test/data/btad_original/BTech_Dataset_transformed/03/train/ok/0593.bmp,cb4b7b13a84472138cf20a0cf53892e9b1b17deb88a7221879fe79e9f6a12828,0
/home/test/data/btad_original/BTech_Dataset_transformed/03/train/ok/0594.bmp,54b8b912daea95268ef89069e53fd73c65baa718f66ddc7c52b00505e80b2c16,0
/home/test/data/btad_original/BTech_Dataset_transformed/03/train/ok/0595.bmp,4fd8f2b5e38514bcc69d5ee9ebfb760c8a0c9363fac0e3400dc6d89681c6b9f5,0
/home/test/data/btad_original/BTech_Dataset_transformed/03/train/ok/0596.bmp,68435d015982f99225f8cec92c5a76dad4f197b1c4efb137937773ca89f2f5d7,0
/home/test/data/btad_original/BTech_Dataset_transformed/03/train/ok/0597.bmp,8a1f985877f7d90b1e608b2e724a185a4c1cfaa4eff48dd42c6770eb7011e1c7,0
/home/test/data/btad_original/BTech_Dataset_transformed/03/train/ok/0598.bmp,a601cc5b2675f5a26a577d22f191ea94b7c717df6d3ac1f4e383b3d20543cbb6,0
/home/test/data/btad_original/BTech_Dataset_transformed/03/train/ok/0599.bmp,6b765f056ce5b971864fb7fc83f6f34df915f62a40b9dfaa555c31ebd0d99c37,0
/home/test/data/btad_original/BTech_Dataset_transformed/03/train/ok/0600.bmp,7637b137b5e00d026290ecabbabac9b652da048be1f8417dba7cb844c4117a9b,0
/home/test/data/btad_original/BTech_Dataset_transformed/03/train/ok/0601.bmp,e3628306eb09573a1accd09a13a897875b08abf36134f60bc6a978da1b87adcf,0
/home/test/data/btad_original/BTech_Dataset_transformed/03/train/ok/0602.bmp,09e51f78dcd5604afe314e55b4201ac0e8f48bc6ce49f3404dec528736a65300,0
/home/test/data/btad_original/BTech_Dataset_transformed/03/train/ok/0603.bmp,8892155efed99c8efb81fd7d8393d859e179491aa7ca9b322981ae4aefb36f30,0
/home/test/data/btad_original/BTech_Dataset_transformed/03/train/ok/0604.bmp,080d6a02f79339af63835d1234ba3f6f7b6039e16f2acb8a3868f84df59286f8,0
/home/test/data/btad_original/BTech_Dataset_transformed/03/train/ok/0605.bmp,1a295a09dffd953cbc6b2f73364827aaae1f6db417316b410186750a241ab1ac,0
/home/test/data/btad_original/BTech_Dataset_transformed/03/train/ok/0606.bmp,c6bad9620e9c6578ff0444c452603d69aa172b2e701d72959ebedde7d4644f74,0
/home/test/data/btad_original/BTech_Dataset_transformed/03/train/ok/0607.bmp,4d4bd43b3f1bf58731e05073d7275a9ece20083ab1ec0e75253211ce38926a45,0
/home/test/data/btad_original/BTech_Dataset_transformed/03/train/ok/0608.bmp,c56743a3c6e28207a63b60fc49954479feeb3f5a691220781876e82130254af3,0
/home/test/data/btad_original/BTech_Dataset_transformed/03/train/ok/0609.bmp,a28b28e134e1c169f71be830fb847c36438147b4232980cf2e59e575f0041d21,0
/home/test/data/btad_original/BTech_Dataset_transformed/03/train/ok/0610.bmp,1ba5c14b124b0077345ba50bdfe4ee0c08db778694f130e90c11e6572cccb02a,0
/home/test/data/btad_original/BTech_Dataset_transformed/03/train/ok/0611.bmp,6a6a4eb1afb9ddf3a3a6fbe305db43f936a3a6a6bc0d7b797b5d20104f376ad1,0
/home/test/data/btad_original/BTech_Dataset_transformed/03/train/ok/0612.bmp,aaffa2b48045a8c978eb5082fc8a0d3bf290fa73c7a4d2fca896db466b973a60,0
/home/test/data/btad_original/BTech_Dataset_transformed/03/train/ok/0613.bmp,11287212c5060f04fc8a12cae82e243b09351a7ef2ff55683c304a77849b494b,0
/home/test/data/btad_original/BTech_Dataset_transformed/03/train/ok/0614.bmp,7e44856432f1604e2c43f786bd831e98f1c2bf6374730b8b18f4931334eb1682,0
/home/test/data/btad_original/BTech_Dataset_transformed/03/train/ok/0615.bmp,d3ffff83741e44fb6587140bfde65a5040b916a5eb60dc9170513f5c61af7234,0
/home/test/data/btad_original/BTech_Dataset_transformed/03/train/ok/0616.bmp,3593fb4409ed883101575284cccf921d51a2c5ed432259f72ef085dd3089feba,0
/home/test/data/btad_original/BTech_Dataset_transformed/03/train/ok/0617.bmp,2e9cfeec5439ebcb0c4d27f562224414ffe1ca145988aca180265d26522f56ee,0
/home/test/data/btad_original/BTech_Dataset_transformed/03/train/ok/0618.bmp,52aab42b945a2e3c0b43addd0de55e35c44555eb44117b9a585d591330d6de99,0
/home/test/data/btad_original/BTech_Dataset_transformed/03/train/ok/0619.bmp,8fabf883ba37f2c5d9d462ce6d2d2b7992d92fa0862e6b43cd1a6fd31e492825,0
/home/test/data/btad_original/BTech_Dataset_transformed/03/train/ok/0620.bmp,762fa49b3dacf3828f1a3db52b012d14ac6cf45a55db1818c860f316648953cf,0
/home/test/data/btad_original/BTech_Dataset_transformed/03/train/ok/0621.bmp,ca332228c66eb40944bc5062cc4c076e2f7826bb4415f3b67d2c3848e8e7e2cf,0
/home/test/data/btad_original/BTech_Dataset_transformed/03/train/ok/0622.bmp,3c7aa5dd33c11defbdec1179ac1b96bc7212f69d3b65c4e3e761e57089790907,0
/home/test/data/btad_original/BTech_Dataset_transformed/03/train/ok/0623.bmp,5e65c88d69c05eed85e056cea3a4f31b9e84b8977c9b581bb704246fb5eb9265,0
/home/test/data/btad_original/BTech_Dataset_transformed/03/train/ok/0624.bmp,f348d8ff2e00ad2235a699ae114e6f8b2be63a3ad295e5bc19c7560da7363235,0
/home/test/data/btad_original/BTech_Dataset_transformed/03/train/ok/0625.bmp,80413664d657cbaa3e5344544927d19dd56c8704104daf0f187ac6117cfe286f,0
/home/test/data/btad_original/BTech_Dataset_transformed/03/train/ok/0626.bmp,4d142a18aeab9ea259eeb7e87f0f8370dde7e51b925873b82e7c73591a47644f,0
/home/test/data/btad_original/BTech_Dataset_transformed/03/train/ok/0627.bmp,90e30a4d6d9d6481a960cdcae24256873eaef26cb95db3222cc0e79aa28b13ed,0
/home/test/data/btad_original/BTech_Dataset_transformed/03/train/ok/0628.bmp,283c5dcf9a1bdf7e01c5647812b39d523e85a01c88854dd47ae861a0d8b8a274,0
/home/test/data/btad_original/BTech_Dataset_transformed/03/train/ok/0629.bmp,fae59f8a20a9d995831c2cdc0bbbf4ae2908a29b9e8e0ea66c4f859ccfe01f68,0
/home/test/data/btad_original/BTech_Dataset_transformed/03/train/ok/0630.bmp,f180378a9ee9a4ebd5ea30e8837a01f91dccd75262f576fdcdc9d2072d7db0fd,0
/home/test/data/btad_original/BTech_Dataset_transformed/03/train/ok/0631.bmp,efe0a7506479d52ae7cb2d3bca9bfab99fefd7ea220318cb746f4b22647427d7,0
/home/test/data/btad_original/BTech_Dataset_transformed/03/train/ok/0632.bmp,6638df3b19ceaa7a3f035bc6101a70548e1eb66f9db8bdaaa7d859c27046c9a0,0
/home/test/data/btad_original/BTech_Dataset_transformed/03/train/ok/0633.bmp,a93d8a568e153ac8ad61c08d6c781eb910a5acc57a86f4ff10a4e52fbec51fa8,0
/home/test/data/btad_original/BTech_Dataset_transformed/03/train/ok/0634.bmp,1a3b24853b89d8e3dfa83fab8b63ad73e27cfabf2508c01278ea6c865cd0416b,0
/home/test/data/btad_original/BTech_Dataset_transformed/03/train/ok/0635.bmp,3c0719511658e158ec5dcfef8da505516fc8504f618e0862d07e0ec5c009bf92,0
/home/test/data/btad_original/BTech_Dataset_transformed/03/train/ok/0636.bmp,d313e662e7f62671dd8138b501d4090ea9cae259014af13c4fa054116dbbdc90,0
/home/test/data/btad_original/BTech_Dataset_transformed/03/train/ok/0637.bmp,13d123645c4ad510959ec0976c9bdc4c7e087b06d5da7057902d039d76778e65,0
/home/test/data/btad_original/BTech_Dataset_transformed/03/train/ok/0638.bmp,f08f8d68274c6cde0d9f6a1cc7fa0185b0b601d57595bd5ec7113b0b3ee4929e,0
/home/test/data/btad_original/BTech_Dataset_transformed/03/train/ok/0639.bmp,f5c8dcbe5c4ac66181cba4f60045826b79c2e5435dc96fd06913eeb0c244472d,0
/home/test/data/btad_original/BTech_Dataset_transformed/03/train/ok/0640.bmp,cc9ff82f95ad33a3c026a452a4f77c526451600f565c8dd660556c85d6c146f4,0
/home/test/data/btad_original/BTech_Dataset_transformed/03/train/ok/0641.bmp,62deee44e8e29e4bd19edd39bf890e8c8be581b7f3ba4aa1bc518c4e1eeaff94,0
/home/test/data/btad_original/BTech_Dataset_transformed/03/train/ok/0642.bmp,e8b15f234644a80afd1f7191ef1579e26ceac758ad869344c18562f7de21906b,0
/home/test/data/btad_original/BTech_Dataset_transformed/03/train/ok/0643.bmp,a43a663436af0380dd780ff4297ed6bfdb0464b6f089674f66836a192a0fa5e9,0
/home/test/data/btad_original/BTech_Dataset_transformed/03/train/ok/0644.bmp,8a3716ec3794636d63aa37b5c1ba64d90a96b78e7726605006cb940ab85e6f33,0
/home/test/data/btad_original/BTech_Dataset_transformed/03/train/ok/0645.bmp,b5d47d93d0ae1b3bb86297d4d80e98e34da26d6c1045ac940927b6975407bd6d,0
/home/test/data/btad_original/BTech_Dataset_transformed/03/train/ok/0646.bmp,106a9f16e9555f3298ecf11b383fe883ef6f2a544a2739ee8b1eedd5a63c79a9,0
/home/test/data/btad_original/BTech_Dataset_transformed/03/train/ok/0647.bmp,f71f627c002ff6be5926dc9a34d2c90257a8b6ba1143d9831178b9fd6cf43012,0
/home/test/data/btad_original/BTech_Dataset_transformed/03/train/ok/0648.bmp,b2bbc9722ce0d81c01cc67c8346f438bc9c39fdd068dee4c29fd7d1b1e78e40f,0
/home/test/data/btad_original/BTech_Dataset_transformed/03/train/ok/0649.bmp,3862114ef1928eeafe6fda5a8e759d1e5e20016c65d954c21f0e0b425b9a5b15,0
/home/test/data/btad_original/BTech_Dataset_transformed/03/train/ok/0650.bmp,78e9f206cfbf0add7f88e9d41eacb85fb10ec199f1e248949650d6fa9c89e75f,0
/home/test/data/btad_original/BTech_Dataset_transformed/03/train/ok/0651.bmp,4c2a84ca7d38d3ef71e50e409db46dd23191b57fdd6b689508e468a25d290d52,0
/home/test/data/btad_original/BTech_Dataset_transformed/03/train/ok/0652.bmp,b2f2571bf4a58fb58c6bb39f1fe2ce6d5cbf48eee08d0c5b1c37a532dcdd1344,0
/home/test/data/btad_original/BTech_Dataset_transformed/03/train/ok/0653.bmp,0c42d18b6b9e6ae68be3998f4200d93751609d0fde57963f6ee3f4994cfdcc31,0
/home/test/data/btad_original/BTech_Dataset_transformed/03/train/ok/0654.bmp,8f45abdec29afb8fa750d8e37da8177b79de1e8278253a9ce679c5d2f8ab1baf,0
/home/test/data/btad_original/BTech_Dataset_transformed/03/train/ok/0655.bmp,89bc52ea2141aab220ec81c1fbd4dee5261ca858bb2911e92459294e5d5cea52,0
/home/test/data/btad_original/BTech_Dataset_transformed/03/train/ok/0656.bmp,702bf2b4b672fb8421e7d6f0e00c0120fd4f4a894908b782e29552161a5a398a,0
/home/test/data/btad_original/BTech_Dataset_transformed/03/train/ok/0657.bmp,e41708572dce078fb9531bc23217bbb99763c6fc764e22cca3cb6322ec5b73ab,0
/home/test/data/btad_original/BTech_Dataset_transformed/03/train/ok/0658.bmp,b3d310b537366b70761daac30be4077cfdfb1f644b634ae5ff46486bc0fc77a1,0
/home/test/data/btad_original/BTech_Dataset_transformed/03/train/ok/0659.bmp,cd4431db0775fb7db03f9d3492a8f46f5276c32aa95894d18d812017e2df3c9c,0
/home/test/data/btad_original/BTech_Dataset_transformed/03/train/ok/0660.bmp,b8bb0fb1331752c2adad58bc84dbd98cafc21c62ddda38f075e2aeaa5b205966,0
/home/test/data/btad_original/BTech_Dataset_transformed/03/train/ok/0661.bmp,d635953ef1a60befad2bb5c8aaf93a7ce1d646b2e238275b2558071db07dbc21,0
/home/test/data/btad_original/BTech_Dataset_transformed/03/train/ok/0662.bmp,f6bd009541cbfb80984d766f4be693262325c4d9c3ba77ca543177f74005ce26,0
/home/test/data/btad_original/BTech_Dataset_transformed/03/train/ok/0663.bmp,aca70ed0189ef96c4602156cbda9b39f7732045062c649110b01505113e69589,0
/home/test/data/btad_original/BTech_Dataset_transformed/03/train/ok/0664.bmp,472d74e05aac44d89ef8587d328f22e7079516979330dd8d6829645a2cda1e78,0
/home/test/data/btad_original/BTech_Dataset_transformed/03/train/ok/0665.bmp,d134dc0f02125eb1a825eddc91ba334eaf599a4f8beea1d95263850c57bdbd3f,0
/home/test/data/btad_original/BTech_Dataset_transformed/03/train/ok/0666.bmp,487db621cb3fb4cf540f6378de6e23386ed36809764b9c7f5c145fe738997733,0
/home/test/data/btad_original/BTech_Dataset_transformed/03/train/ok/0667.bmp,c411be7a60943aaad98608d3750de76c482ea64b8be87aef7072644a8875af54,0
/home/test/data/btad_original/BTech_Dataset_transformed/03/train/ok/0668.bmp,d603305aa06af55aa51a4b75d2e3199c646cb83381c3ff1b6572149484b4e09b,0
/home/test/data/btad_original/BTech_Dataset_transformed/03/train/ok/0669.bmp,ac84828f4afc2886f9b2fe86595eb7e41a9f469db1c596c97260d30998c9790e,0
/home/test/data/btad_original/BTech_Dataset_transformed/03/train/ok/0670.bmp,b2f8a3c2ae5ff12cfbdf7aead46807c2f51ece055af5d3b73907623257451750,0
/home/test/data/btad_original/BTech_Dataset_transformed/03/train/ok/0671.bmp,cde1375994c73c370025dac6b8138d6c4ae4bb40191ce6e0fed8f11170f4451c,0
/home/test/data/btad_original/BTech_Dataset_transformed/03/train/ok/0672.bmp,c933abf57404e9621388f452ae8e30cdcde3da521fd2e50996aff9359e5107de,0
/home/test/data/btad_original/BTech_Dataset_transformed/03/train/ok/0673.bmp,202c21a6be368ccd4023b971706ddff7147754572e9b1df349706e46786b225b,0
/home/test/data/btad_original/BTech_Dataset_transformed/03/train/ok/0674.bmp,eb1f17e048ca7cdfc1fdcc4874130974567337805ad1574bd2888b6b6492c0cb,0
/home/test/data/btad_original/BTech_Dataset_transformed/03/train/ok/0675.bmp,15bd7554ffb8a8cdfe65a75926ae5287261871fc2c25c62bd4e8e69665674f0a,0
/home/test/data/btad_original/BTech_Dataset_transformed/03/train/ok/0676.bmp,b3b8d5c29b8f2e6228223a9b7ff80d903897e1687bb70a18a325b6da62407ce8,0
/home/test/data/btad_original/BTech_Dataset_transformed/03/train/ok/0677.bmp,c68511f5f2abc731908fa7cf885fd0da46ca5b9edb2cee13efbf5ab03371de7b,0
/home/test/data/btad_original/BTech_Dataset_transformed/03/train/ok/0678.bmp,d7e9c467607efa5818e77227a2141ad349c3c74a5b2d77704fcb59464d3e6d8e,0
/home/test/data/btad_original/BTech_Dataset_transformed/03/train/ok/0679.bmp,03f9087d6c37dc1b227be4f8e4be2058f0837d96f7cfb524ae7a4f2e36b2f4ca,0
/home/test/data/btad_original/BTech_Dataset_transformed/03/train/ok/0680.bmp,607e397888fa48674a9c07eb698b21241fd4eadd41fa7c6c0eb637b3fd1bbac5,0
/home/test/data/btad_original/BTech_Dataset_transformed/03/train/ok/0681.bmp,b8849aeba61b9011b5c075dcc7313fdb3c7087286fb7ffcd9bda6f0fd1f5f9d3,0
/home/test/data/btad_original/BTech_Dataset_transformed/03/train/ok/0682.bmp,75d811fe499be0476ecb1e9d79a4e8717287f8f8f246aadcdd75ab93d9e6c270,0
/home/test/data/btad_original/BTech_Dataset_transformed/03/train/ok/0683.bmp,3967170cec12e4dd2b7594550b0d9a6845654e56728a7466883b3dbb1caae79b,0
/home/test/data/btad_original/BTech_Dataset_transformed/03/train/ok/0684.bmp,adb8e1bf4825d71326a3fdd1d2f58f76913340d76dcc84a965c15651eecb81af,0
/home/test/data/btad_original/BTech_Dataset_transformed/03/train/ok/0685.bmp,48d35f1b4bf661444b3484be5af23ec61cff4d0ffba34685bab492d7e90fbcb7,0
/home/test/data/btad_original/BTech_Dataset_transformed/03/train/ok/0686.bmp,d4e39351f28dbe8757836ac1dc587083527ba4314c89caf331d5dd698cac2197,0
/home/test/data/btad_original/BTech_Dataset_transformed/03/train/ok/0687.bmp,acefe3869946ce532f635c68798193fbc566a89ff56977c80022838cb742a686,0
/home/test/data/btad_original/BTech_Dataset_transformed/03/train/ok/0688.bmp,e178292b6f573cd77adef03a832aa1548f780addc6cc2db9c7e23b1ca9db1bab,0
/home/test/data/btad_original/BTech_Dataset_transformed/03/train/ok/0689.bmp,25b9998c13098a0b2befb65a3dca1e2751e4f5e521c413225c127d5021699b35,0
/home/test/data/btad_original/BTech_Dataset_transformed/03/train/ok/0690.bmp,0a2c2d2ff944c320c8a1deae7631181569fe2888195d1c020a36f059fde0836c,0
/home/test/data/btad_original/BTech_Dataset_transformed/03/train/ok/0691.bmp,f3c594ffc15ff7d2e7e8c24bed0034a4d435c553ce7f0712ae1bdc4ce45e985d,0
/home/test/data/btad_original/BTech_Dataset_transformed/03/train/ok/0692.bmp,6ca66b0568c8ad33201df72d944dc383ac4f6eb8c3152fbc6e69baf5b2854195,0
/home/test/data/btad_original/BTech_Dataset_transformed/03/train/ok/0693.bmp,6ba47b2a9b4c797680954321e03d5780ce9ed22318d242c22f42f2d695470fb9,0
/home/test/data/btad_original/BTech_Dataset_transformed/03/train/ok/0694.bmp,d6366351cdc31624e1c8b7d8ebba8fe42add676ba9235f2598fcd48a2098e01c,0
/home/test/data/btad_original/BTech_Dataset_transformed/03/train/ok/0695.bmp,5f6191c2af53681fd3340dc8811a6eacd3a4a5bca77f6d8baee05d612b3f4ac2,0
/home/test/data/btad_original/BTech_Dataset_transformed/03/train/ok/0696.bmp,bd9306d93f9694ecfcce7eeaa0ee187de78ea7abd8d3468bb4664318125383b3,0
/home/test/data/btad_original/BTech_Dataset_transformed/03/train/ok/0697.bmp,970d9bc706623688f73fdb57544878988cab5f982620b02df175a05e0ed8d8b5,0
/home/test/data/btad_original/BTech_Dataset_transformed/03/train/ok/0698.bmp,58acd281c12438984c6bf5f45ee002abd930ead43ec22d492d4e191167d89f4c,0
/home/test/data/btad_original/BTech_Dataset_transformed/03/train/ok/0699.bmp,ff82d6545bdf3d0497ec5783ecebdd67656085c44634901686e86e17d2b437a1,0
/home/test/data/btad_original/BTech_Dataset_transformed/03/train/ok/0700.bmp,75f7d5f09572d2b5de18950bc611287c20b269bcd23a999066219e7402294d18,0
/home/test/data/btad_original/BTech_Dataset_transformed/03/train/ok/0701.bmp,e0a0ccaee8976d3d10fcb0ef985a631c26838dfa9ebf525520f40c0ef6bce8bf,0
/home/test/data/btad_original/BTech_Dataset_transformed/03/train/ok/0702.bmp,1e0d5ffa31f3279f6d91b9aef62327baa8edab96b081fb4414e3e947bb914414,0
/home/test/data/btad_original/BTech_Dataset_transformed/03/train/ok/0703.bmp,1be45e39b2c80b1700d20846c6c7b15ac37f8f6b0a71aba6a5ee91faa232d5f2,0
/home/test/data/btad_original/BTech_Dataset_transformed/03/train/ok/0704.bmp,46f562126618d3db6b6922813ea12b8fedd43aff612684f9d4bd00e39ffc9a7c,0
/home/test/data/btad_original/BTech_Dataset_transformed/03/train/ok/0705.bmp,be37c0282ed935ef2652d3d970ba64c48ec059070cfd3cafd03093ff1f2afb61,0
/home/test/data/btad_original/BTech_Dataset_transformed/03/train/ok/0706.bmp,ec5d16ad62a995caff5b7deb861ea0995348fe29d53e3b179e19bd35cc968a4a,0
/home/test/data/btad_original/BTech_Dataset_transformed/03/train/ok/0707.bmp,b2b27249c5fa37c7ead990593881ee2664d3c3b0a9c79821450fa94227623bdb,0
/home/test/data/btad_original/BTech_Dataset_transformed/03/train/ok/0708.bmp,99e04b95b5d0344490d68e382fcb7dfbce25bc4717c2568f714f03c8a9c021e7,0
/home/test/data/btad_original/BTech_Dataset_transformed/03/train/ok/0709.bmp,24264aee7f2e9c575284357e107261b7878aa82258d542a4061bf1cef29c177c,0
/home/test/data/btad_original/BTech_Dataset_transformed/03/train/ok/0710.bmp,44591237b26f0889cfc04537e0cc2dbd8ae2ecf3b7288a22f7afa199985b98f1,0
/home/test/data/btad_original/BTech_Dataset_transformed/03/train/ok/0711.bmp,065443b2970d5f5657dc9425c3cada68848a52686740dabbab8843042376c061,0
/home/test/data/btad_original/BTech_Dataset_transformed/03/train/ok/0712.bmp,75cc68d140634589ff3dc5ed0d14b0e210be8b6b9f7050f8f831fa4f0052a464,0
/home/test/data/btad_original/BTech_Dataset_transformed/03/train/ok/0713.bmp,4f88bca7335fe50e22b096c0345825037827bd74d4161084bfe945be7a94164b,0
/home/test/data/btad_original/BTech_Dataset_transformed/03/train/ok/0714.bmp,665f48e2930b90ac9c025c958ef8256db2bb71c03e4ec71fbb17057d509a8e00,0
/home/test/data/btad_original/BTech_Dataset_transformed/03/train/ok/0715.bmp,86a21de61bef9cb8c197e704486db277f08aadbf2a065181ca6bec19b86630dd,0
/home/test/data/btad_original/BTech_Dataset_transformed/03/train/ok/0716.bmp,711ed678a7662d7f46e14528b0e35c63dee5edf42966055457df2d4d5edd9bd4,0
/home/test/data/btad_original/BTech_Dataset_transformed/03/train/ok/0717.bmp,7aaec79259ff620a585cd88320aa7754d22522bd28dcbed773b9ad6961974af1,0
/home/test/data/btad_original/BTech_Dataset_transformed/03/train/ok/0718.bmp,151687ee5304cb46149eb8c3e47c0dedaba9ced27b9b04342290480da3e1d846,0
/home/test/data/btad_original/BTech_Dataset_transformed/03/train/ok/0719.bmp,246fbfc757b5f0bbe39f7c9f670a7bd3955156a769d23a8d05fec197562edc11,0
/home/test/data/btad_original/BTech_Dataset_transformed/03/train/ok/0720.bmp,5c5dd8f98ba1f5aacab71037e8886e6ecccc4402686c7018d9581913a6d6eace,0
/home/test/data/btad_original/BTech_Dataset_transformed/03/train/ok/0721.bmp,9bd7f39f36affb040c0076dea06f3acf741d24acd4e4c5bd964ba9978dc36044,0
/home/test/data/btad_original/BTech_Dataset_transformed/03/train/ok/0722.bmp,0da3980c7dd905e6ab2b2ecdf372d5e3f5c0b5c024308f45db64d2ecf4330731,0
/home/test/data/btad_original/BTech_Dataset_transformed/03/train/ok/0723.bmp,3cf2000a401bff428369ea8fd1394412caef52854c1e91e17b4641d176c94919,0
/home/test/data/btad_original/BTech_Dataset_transformed/03/train/ok/0724.bmp,8ddb9b7b926becc7e56886a07856e3add96480dc8b3034b68c05125ef16960a6,0
/home/test/data/btad_original/BTech_Dataset_transformed/03/train/ok/0725.bmp,614eafc5e7fd1b7416df13d7dc40b72e0ee2b7650aa47c3e31188cc3c04db683,0
/home/test/data/btad_original/BTech_Dataset_transformed/03/train/ok/0726.bmp,20123e1fccf5e81f1b9bb95e8d660c86a2de006cb33381cce7c2445836645c56,0
/home/test/data/btad_original/BTech_Dataset_transformed/03/train/ok/0727.bmp,51359c7ef7397d35a639b943d6a09ebcbfa777ac12ba0bed3fe35129fafd18cd,0
/home/test/data/btad_original/BTech_Dataset_transformed/03/train/ok/0728.bmp,cb92d61e7c0b30aff893637a6c33be3526e4da821a77c4af2928eb2c8be15e51,0
/home/test/data/btad_original/BTech_Dataset_transformed/03/train/ok/0729.bmp,9f853e3106a9c4f81eb914c739a5d6e7d89afee2ac25e918e02a52231778405f,0
/home/test/data/btad_original/BTech_Dataset_transformed/03/train/ok/0730.bmp,955d53608bdb138b08b680d4177b2d5011b661d218d4114d0f30f7acf909d57c,0
/home/test/data/btad_original/BTech_Dataset_transformed/03/train/ok/0731.bmp,28900ea911a502faf81dab792c3100857ee9532dd94b10fa0ae520f7071cecd7,0
/home/test/data/btad_original/BTech_Dataset_transformed/03/train/ok/0732.bmp,574217427264332c66c570fbc2ec01ee69309c7585124a946b07bea0f4103d68,0
/home/test/data/btad_original/BTech_Dataset_transformed/03/train/ok/0733.bmp,d2953ed34b1637b7660912d2ec6fed5a76ba00b96028c816d43dfa7f0871aabf,0
/home/test/data/btad_original/BTech_Dataset_transformed/03/train/ok/0734.bmp,801ab5cb467a1d8e172f2d66d20807f2d083b9ec106febc33d0bec23116ebd7a,0
/home/test/data/btad_original/BTech_Dataset_transformed/03/train/ok/0735.bmp,3287219ae4cb76f4fe9974e5e41778fba3583e4741aa63f006a383bebd5afa4a,0
/home/test/data/btad_original/BTech_Dataset_transformed/03/train/ok/0736.bmp,c0ce5cb5f74a57bd0f81f4e31b0721d5335f6e412774fd3903f7dc510959a93b,0
/home/test/data/btad_original/BTech_Dataset_transformed/03/train/ok/0737.bmp,3914e1b957f9bbea6eb02035c993ec2797dd1424843eaf471d3798c2d3aef267,0
/home/test/data/btad_original/BTech_Dataset_transformed/03/train/ok/0738.bmp,0ad920da92dff27eeb9ba92e7c6dcdc95fb28483b4f4dd5134fc5af523ba3e23,0
/home/test/data/btad_original/BTech_Dataset_transformed/03/train/ok/0739.bmp,df9df79c9a1709229926eddefac50ff07ba387d20c34fe34596f2021c07e5309,0
/home/test/data/btad_original/BTech_Dataset_transformed/03/train/ok/0740.bmp,81b0077300299d3d378abcaad47f7d49f02587542f3d6d1a25037ccbdcdda1bc,0
/home/test/data/btad_original/BTech_Dataset_transformed/03/train/ok/0741.bmp,8740ef34e4c8a735a3acf17e477c4d1c67c81d36f56789c37ac6c33a07a38a86,0
/home/test/data/btad_original/BTech_Dataset_transformed/03/train/ok/0742.bmp,93f7ccbe21d6fcc0f4ec1dfa5b21bfb4c17b3f5c2c9b54fb0e84e8934ce71adc,0
/home/test/data/btad_original/BTech_Dataset_transformed/03/train/ok/0743.bmp,513d22020b65a0914aa7165099d2b7915205974c7ba0c40e3ff809abe7e732b9,0
/home/test/data/btad_original/BTech_Dataset_transformed/03/train/ok/0744.bmp,28dbf3f8081bb081a16ca4fe39119022942ac2b0377ce3375ba6566dbe1e8c96,0
/home/test/data/btad_original/BTech_Dataset_transformed/03/train/ok/0745.bmp,9555ab6ce19b6284164fa2f3c2f98f0e60591402e6ca115693cbad0fec8aa2f3,0
/home/test/data/btad_original/BTech_Dataset_transformed/03/train/ok/0746.bmp,115bb307fcfbd1a80e7329dc23300a1bc9113638ba3bd4ef585297b2f8b4fad9,0
/home/test/data/btad_original/BTech_Dataset_transformed/03/train/ok/0747.bmp,6bdd1d5584f94063b61f2b880c6d8efea6bb1b3e5281f378b3199d22a6298985,0
/home/test/data/btad_original/BTech_Dataset_transformed/03/train/ok/0748.bmp,0732e7a5d520dd2344516565ab7e320c1be517f8bedd341e82787bac3285210a,0
/home/test/data/btad_original/BTech_Dataset_transformed/03/train/ok/0749.bmp,aa3b4cd01256836f974c665ba7e52d57835350a65fc3c5322203370289d026d3,0
/home/test/data/btad_original/BTech_Dataset_transformed/03/train/ok/0750.bmp,37f1474886031f52105d388aa3abdb656d81cbceb7da7f636549e92102420055,0
/home/test/data/btad_original/BTech_Dataset_transformed/03/train/ok/0751.bmp,68433273b6ddf80c937fc453acf36f0be2dd44d17fd323dfe3dd4b01c46c0b95,0
/home/test/data/btad_original/BTech_Dataset_transformed/03/train/ok/0752.bmp,4b7b9a4b966d61c86cf45e64d97a641c950a6c278564263586c6072c964b5a3a,0
/home/test/data/btad_original/BTech_Dataset_transformed/03/train/ok/0753.bmp,9dd71cb027f35995e164d7fd60c8ce33f7f16ddaeb9792f8896b89060d06bbf4,0
/home/test/data/btad_original/BTech_Dataset_transformed/03/train/ok/0754.bmp,64e150bf445fbc4e968aea9e988f72b612317ffaf4287fc948f6ecd27df96093,0
/home/test/data/btad_original/BTech_Dataset_transformed/03/train/ok/0755.bmp,b297ece3bd64be6034af8e6f57640ff0a7c5771ddcb39b94903f35be64a7b298,0
/home/test/data/btad_original/BTech_Dataset_transformed/03/train/ok/0756.bmp,3df219d7326c1f7c2050bd2cc63866cc090e92d8760222378b76d02827b2b311,0
/home/test/data/btad_original/BTech_Dataset_transformed/03/train/ok/0757.bmp,2425a3a7df868cc592b26a0dfb41d396bdbf35453b44b818a3a878838547e04c,0
/home/test/data/btad_original/BTech_Dataset_transformed/03/train/ok/0758.bmp,14e8947664f6da10d6d3d31e9f190719ccbe054e98492a216d9c5f1f231a660c,0
/home/test/data/btad_original/BTech_Dataset_transformed/03/train/ok/0759.bmp,6aeb6e2c1349066e7c6d574d99150cad71be6fb5e942148f332a829d253cc155,0
/home/test/data/btad_original/BTech_Dataset_transformed/03/train/ok/0760.bmp,4788c9d5ed200f68e726a82ae12b0063049388ffad85c0b4396429ec71153c8d,0
/home/test/data/btad_original/BTech_Dataset_transformed/03/train/ok/0761.bmp,af3c4f8e06c4d3eaef51dbc9132af89dc98d4024fc52d15a01dbb2de982ea719,0
/home/test/data/btad_original/BTech_Dataset_transformed/03/train/ok/0762.bmp,82f98fa2a5dd15cf2de4e5c78f8c698ee3b3f63a6ee8c3661bea883ba00e91d4,0
/home/test/data/btad_original/BTech_Dataset_transformed/03/train/ok/0763.bmp,89deef852ff3f23b23787aec5186200e853f3351e05e1db0790dd9d9341ae25f,0
/home/test/data/btad_original/BTech_Dataset_transformed/03/train/ok/0764.bmp,40fea7f180d3b5ac3a6cfdf2a55bd8dac8f17c0139af67156d5d6256ae45c524,0
/home/test/data/btad_original/BTech_Dataset_transformed/03/train/ok/0765.bmp,a459ae023e60e779c989296a4717e889b09a5e9ffe4d1a6b1fc83ce3dad8fffb,0
/home/test/data/btad_original/BTech_Dataset_transformed/03/train/ok/0766.bmp,e968197dd021f693caf7122102aed430e00155e8e4409c56c532c4cb2e09078e,0
/home/test/data/btad_original/BTech_Dataset_transformed/03/train/ok/0767.bmp,6828fb2b02e1bdaf2b06ae8963285fd5b8d08827e364c68871a7cf361d853dcd,0
/home/test/data/btad_original/BTech_Dataset_transformed/03/train/ok/0768.bmp,594830f6b0c3347689c8cb65b31ecd72a9cd7ce3e215b50d4d5422e45ac69636,0
/home/test/data/btad_original/BTech_Dataset_transformed/03/train/ok/0769.bmp,f5f5c6eb749a974061ed60b94a6cac1cb5c4bbd094ea5f38d557589c1b6de52b,0
/home/test/data/btad_original/BTech_Dataset_transformed/03/train/ok/0770.bmp,243d5685335f0ebb6ec7485d350a3d965bea13762c570e9f19573e50e6e70aa8,0
/home/test/data/btad_original/BTech_Dataset_transformed/03/train/ok/0771.bmp,f603c261371b32dcf07ea190aa9d950fc04b245476d784db8a9374e3776316b9,0
/home/test/data/btad_original/BTech_Dataset_transformed/03/train/ok/0772.bmp,38c9359064c1520a1eb8bd5a61ea14a250353247a77d98fa589fcdd09928d13e,0
/home/test/data/btad_original/BTech_Dataset_transformed/03/train/ok/0773.bmp,c72c46a3912f0f5af1192316ea039e56858cf6c07c6c26bc07b6921ae7d13775,0
/home/test/data/btad_original/BTech_Dataset_transformed/03/train/ok/0774.bmp,8b43e5c94883bded8f1a280e2e2f2629c39f3faa82d822bc093063ff9245e495,0
/home/test/data/btad_original/BTech_Dataset_transformed/03/train/ok/0775.bmp,3486473bfe6d5ce15819ea67f15814f82ac64919dcc79d298e62bcae0340c12a,0
/home/test/data/btad_original/BTech_Dataset_transformed/03/train/ok/0776.bmp,ca5556e1c1129f956654ede2b6caf84bbd20000ade2674f6978ea5f148a2f9c7,0
/home/test/data/btad_original/BTech_Dataset_transformed/03/train/ok/0777.bmp,e486913cbf802e05b5306ab942407c668b2c406ef395dc7f236858c88fcfc214,0
/home/test/data/btad_original/BTech_Dataset_transformed/03/train/ok/0778.bmp,6db7a818e28cd49586ff40d9aabee65907e997246286f3d25fd49778a2a7b2ad,0
/home/test/data/btad_original/BTech_Dataset_transformed/03/train/ok/0779.bmp,590788563abef145b65cb4515f03e09f682fd1638bc0e6432681d2aa383b7279,0
/home/test/data/btad_original/BTech_Dataset_transformed/03/train/ok/0780.bmp,d82ffb82a8ce39f9463a2964fc0edb3ac185961f6ff5b0a1debabdbcd955d2f6,0
/home/test/data/btad_original/BTech_Dataset_transformed/03/train/ok/0781.bmp,b7bd89d1aab9ea1dd6856d3f4a9bf5620d19cd82cac53a83653b8ec331e9748c,0
/home/test/data/btad_original/BTech_Dataset_transformed/03/train/ok/0782.bmp,c75bdbefb0a702ef65e618da573b3a3ad17ed5baa0892b2b77fd985acaa9b512,0
/home/test/data/btad_original/BTech_Dataset_transformed/03/train/ok/0783.bmp,988b63549c5b3f318348b6e2ad86e4163256bbe9d46f5e1c338939e5f22b86bc,0
/home/test/data/btad_original/BTech_Dataset_transformed/03/train/ok/0784.bmp,5b0747dea9f8af9c3468d8f2f5339f01c9d477cbdac07b023a1caeb055ab763a,0
/home/test/data/btad_original/BTech_Dataset_transformed/03/train/ok/0785.bmp,67cb7cb5b22624596e719744b300fc6b86b694bb6f5364fc3e26d1b23ab4a25f,0
/home/test/data/btad_original/BTech_Dataset_transformed/03/train/ok/0786.bmp,97e2d9aad67af98986937328eb9b753a77761ce665774a65d2df93d6475f556f,0
/home/test/data/btad_original/BTech_Dataset_transformed/03/train/ok/0787.bmp,ee33181c06bb21fbd413e4062417fdcded1da4911a576f865c99c6d8c55d8bd9,0
/home/test/data/btad_original/BTech_Dataset_transformed/03/train/ok/0788.bmp,b1afe127733b04720ba3ae69705ba01e34a21d4d16e234270fe647cfcde9cad5,0
/home/test/data/btad_original/BTech_Dataset_transformed/03/train/ok/0789.bmp,17d14e7609be991f28d4c55e8b43a61ca49ae2c9afbeedb36466e4d19b053082,0
/home/test/data/btad_original/BTech_Dataset_transformed/03/train/ok/0790.bmp,1d5db4dec19050388290260ddee51121c3d218f5de40cad6072ee51cc125de1c,0
/home/test/data/btad_original/BTech_Dataset_transformed/03/train/ok/0791.bmp,84e2f793b15b22cfa3b3a2b640590a8ea15a9b93a26f9dce0c4d6eb3a809f0b5,0
/home/test/data/btad_original/BTech_Dataset_transformed/03/train/ok/0792.bmp,de429bd0cea9d2784fe4cd56a5fe0af585b18d585657b57db1fba06b385c916a,0
/home/test/data/btad_original/BTech_Dataset_transformed/03/train/ok/0793.bmp,c776119dc04cdf5abdbfc05aafc2deda8fcc0e29aaee0f725ccafe6a6084663f,0
/home/test/data/btad_original/BTech_Dataset_transformed/03/train/ok/0794.bmp,e51c683b7b0c7b290e4269c4f1d701627bbabb3e15c73cc6d27b6637430759a3,0
/home/test/data/btad_original/BTech_Dataset_transformed/03/train/ok/0795.bmp,88ecfe6e9f9b6be950f2397b68a48e4949a805a522edb93f1b3827ca75870ae6,0
/home/test/data/btad_original/BTech_Dataset_transformed/03/train/ok/0796.bmp,51a5d0b1da860a3a794a3406e4fc789759353c1298966881dc8c14f3eb7d4c9d,0
/home/test/data/btad_original/BTech_Dataset_transformed/03/train/ok/0797.bmp,6a7636ebb4ae0ae1a0799eec3a3ded48dbadf42575aa086bd7d2f748409b6515,0
/home/test/data/btad_original/BTech_Dataset_transformed/03/train/ok/0798.bmp,a264ff6239cc98e6ceee1de0241b484996b3981931b12ad7d95796d95b0f2925,0
/home/test/data/btad_original/BTech_Dataset_transformed/03/train/ok/0799.bmp,6a38fb8ecb04e41d598892475edc79f41ea42ff595ff6fc5965c89c60af8f1f9,0
/home/test/data/btad_original/BTech_Dataset_transformed/03/train/ok/0800.bmp,3c24e388fa9dc5eb59a922acea15cbf72f86cc0b8a546b37305463c1e8900b57,0
/home/test/data/btad_original/BTech_Dataset_transformed/03/train/ok/0801.bmp,2c03a8a497f2605e1e7d273dbe5967523ef120870905c2c69d21b3c8ca610c07,0
/home/test/data/btad_original/BTech_Dataset_transformed/03/train/ok/0802.bmp,f1a337dca5e95f81842d2193ff4748112fb1f3cdadd6411925be299e0bf7806e,0
/home/test/data/btad_original/BTech_Dataset_transformed/03/train/ok/0803.bmp,6d1b5ec456e2b2c11aab8ef2104f77e019e544fef75a8bfc9465fa1277926275,0
/home/test/data/btad_original/BTech_Dataset_transformed/03/train/ok/0804.bmp,b2a436f2ceb459603756371a176748ffe4a5d5d2b54884cd607947172bac25b3,0
/home/test/data/btad_original/BTech_Dataset_transformed/03/train/ok/0805.bmp,b33ec7102bbde903c5d3a2e59d67ade9ae60905a85b604e227a61e207c705263,0
/home/test/data/btad_original/BTech_Dataset_transformed/03/train/ok/0806.bmp,e4bc96ca4d6e975e7c711fd63ac39f338800e3ac9dbca6359b90c58f1d5e1c95,0
/home/test/data/btad_original/BTech_Dataset_transformed/03/train/ok/0807.bmp,a3864343e1e3dbd43307d970e74ec1447bd0855dc383c83d0132d51cb5fa6443,0
/home/test/data/btad_original/BTech_Dataset_transformed/03/train/ok/0808.bmp,a3418924eef3832859112692749d64813b8d5d618d93906d2d6acca2cc9ff120,0
/home/test/data/btad_original/BTech_Dataset_transformed/03/train/ok/0809.bmp,c9c5df750fcbf35bc463d6c38f9e1f988a51a09de6e39ec5c6c0c07518fa8671,0
/home/test/data/btad_original/BTech_Dataset_transformed/03/train/ok/0810.bmp,c6bf6e0c8acb531e5a7d27bf581ddd4044fd28e378fb81b9c15a5cb601e5db61,0
/home/test/data/btad_original/BTech_Dataset_transformed/03/train/ok/0811.bmp,14ba40579e9c64850b686dcd2fddfa8ddc505c7f4c1ac2ced586e04c47192a84,0
/home/test/data/btad_original/BTech_Dataset_transformed/03/train/ok/0812.bmp,46cdcafa8e1a7426a3e1357a0a7140720346fd624cfaa46dbd6c26f4a589004f,0
/home/test/data/btad_original/BTech_Dataset_transformed/03/train/ok/0813.bmp,f47fc22a1a86f68e9be957d2b64603bda0653262ba7067b8e50312099c485005,0
/home/test/data/btad_original/BTech_Dataset_transformed/03/train/ok/0814.bmp,29c5e595961d5a6ea87abd1e6a62e75c807ac74d16c67f9f279b0b6178c00bbb,0
/home/test/data/btad_original/BTech_Dataset_transformed/03/train/ok/0815.bmp,c1e194d82f0809cbd948e38482ad948f83089cfa043b66d39c4c18e014b98a03,0
/home/test/data/btad_original/BTech_Dataset_transformed/03/train/ok/0816.bmp,3718a42eb1cb69b6621409322b788384bee0d546805af969ccb1c8708f855231,0
/home/test/data/btad_original/BTech_Dataset_transformed/03/train/ok/0817.bmp,eba7d777f8a27cb48e788835a278d12e133b988bdc8df23414d175a135ac705a,0
/home/test/data/btad_original/BTech_Dataset_transformed/03/train/ok/0818.bmp,63be85c1c57feb6d69d624f234a7c4cd33138f1b1e0b6531b4d484a17aa24f06,0
/home/test/data/btad_original/BTech_Dataset_transformed/03/train/ok/0819.bmp,0b7d29be191bd98ecc6c9ab51819d0cf022f1e3bb8b01131fc3728ad0ca1ae51,0
/home/test/data/btad_original/BTech_Dataset_transformed/03/train/ok/0820.bmp,f6343e6bae6c7965a22c6fbbe5300dcab6e497f56f3261de2d69889f1837ea6b,0
/home/test/data/btad_original/BTech_Dataset_transformed/03/train/ok/0821.bmp,e28525574fa36c972deb671f32823eca9ad37d1a313bbabdc5f09754b86b1bcb,0
/home/test/data/btad_original/BTech_Dataset_transformed/03/train/ok/0822.bmp,2f0b4dfc7e36cca1c5811e8d9062058e7859f94a2c4344bf979d80005c86a672,0
/home/test/data/btad_original/BTech_Dataset_transformed/03/train/ok/0823.bmp,56172fc7b05028e919a4f0f46caacd502eec3af143b606546bab0f5a5ee3f225,0
/home/test/data/btad_original/BTech_Dataset_transformed/03/train/ok/0824.bmp,db0b369462d9c2dffe91bd755ae4aff0c014eea449aed37ed64165db46e8ed3d,0
/home/test/data/btad_original/BTech_Dataset_transformed/03/train/ok/0825.bmp,17eccbfd5fe2c39c9a38e178b748a020745c8a6463130ac34970d87304af95ff,0
/home/test/data/btad_original/BTech_Dataset_transformed/03/train/ok/0826.bmp,e102c3a34f353204d42fce2344b0036b9a337e7837c0596a3101319125972301,0
/home/test/data/btad_original/BTech_Dataset_transformed/03/train/ok/0827.bmp,8948692450082342a36c0fdc8fdfbd032e10c32d700aa845c3344317f892b1c1,0
/home/test/data/btad_original/BTech_Dataset_transformed/03/train/ok/0828.bmp,c221a619a8f527a9d0a00d991e983151e9fa5251784653ee449639b0aad9c2c1,0
/home/test/data/btad_original/BTech_Dataset_transformed/03/train/ok/0829.bmp,90120a255e28ef8aa8af0dab5e6ce35d42b5ff89082ecb31f8f45a1eca00ed51,0
/home/test/data/btad_original/BTech_Dataset_transformed/03/train/ok/0830.bmp,ae1aead27cf37990f0d83b19a79a1aea85a8af1cc931b8c4341d2444b55fcda9,0
/home/test/data/btad_original/BTech_Dataset_transformed/03/train/ok/0831.bmp,47a904832f3cb8acd0142edbfdb8755ce7a79dde20d4fb38ce03e077441f1e1c,0
/home/test/data/btad_original/BTech_Dataset_transformed/03/train/ok/0832.bmp,d0c3d66fa4ae70cea39791519ce30f74985348f85814ad14f6c7ec2b3976ba7b,0
/home/test/data/btad_original/BTech_Dataset_transformed/03/train/ok/0833.bmp,8e425ff828f0c5d49d2d7be76e8c56eb24e122e70962b861ec621a1edba3f43e,0
/home/test/data/btad_original/BTech_Dataset_transformed/03/train/ok/0834.bmp,b0030df5e9d50bba81ae6d685458da0240f9bb6b7418f472a177f9eea751d70c,0
/home/test/data/btad_original/BTech_Dataset_transformed/03/train/ok/0835.bmp,5b40b756f407b1c30638fdbef52be16f2ac6192d4a494d5cb6572d57b0aeade5,0
/home/test/data/btad_original/BTech_Dataset_transformed/03/train/ok/0836.bmp,24177fd8c2df8f403249ef16b9fdd7aa141c3dc87734cc0a43033cf68c925d2a,0
/home/test/data/btad_original/BTech_Dataset_transformed/03/train/ok/0837.bmp,3c20f3b4535399e6c8250a1e985cef24d19f3435ccb9f1a30723a02be42a24d5,0
/home/test/data/btad_original/BTech_Dataset_transformed/03/train/ok/0838.bmp,123a362f2dd793996c64b8389c10029cc5b4798b6c6b6d005527f267646e4d42,0
/home/test/data/btad_original/BTech_Dataset_transformed/03/train/ok/0839.bmp,0d61d82d43ca41a14eb2673ae822e013b915e86bd16afd819bf9ff5f56c1ff62,0
/home/test/data/btad_original/BTech_Dataset_transformed/03/train/ok/0840.bmp,69ac6eb7f011009c5e18fc9ef944817ecaf8516c4637622e722f1b765564c0a9,0
/home/test/data/btad_original/BTech_Dataset_transformed/03/train/ok/0841.bmp,be3ab34675b20517da7591bf290c5b7e5ca6fff76d7ed20e91331cd565f0dda8,0
/home/test/data/btad_original/BTech_Dataset_transformed/03/train/ok/0842.bmp,fe5140701f27f90c6f32f82b0bc658ec36bde87745e1aedb2a596bcbdefe7300,0
/home/test/data/btad_original/BTech_Dataset_transformed/03/train/ok/0843.bmp,46262900f4686fb67a33e8512c2283f0b2c790e86003fd3fcc7ef07bd15163fd,0
/home/test/data/btad_original/BTech_Dataset_transformed/03/train/ok/0844.bmp,a9956ce7cc62d07f1002e849b047e03254bb48e84e398052e600f56c211ebd00,0
/home/test/data/btad_original/BTech_Dataset_transformed/03/train/ok/0845.bmp,c816f45e57b85c20458a78659bbf97eadc291c27a90f51fbf28cbf411a145510,0
/home/test/data/btad_original/BTech_Dataset_transformed/03/train/ok/0846.bmp,5e8e06ab4a72f698b3ea5dfb0899e73d2f32397d2c39f89963b909d3521a71a7,0
/home/test/data/btad_original/BTech_Dataset_transformed/03/train/ok/0847.bmp,0a060ac496e54294db59105549b4b1de7a0c7ec554744c2155866a1b3f0ed440,0
/home/test/data/btad_original/BTech_Dataset_transformed/03/train/ok/0848.bmp,9f89d5e592241405c04a259ebe2a03f696096e7f23d89a760d91f803ff13fc5a,0
/home/test/data/btad_original/BTech_Dataset_transformed/03/train/ok/0849.bmp,15ced5e62a19845a61cf7fc18142a0509724ffbd25cdf3475b9a40827aa55e2b,0
/home/test/data/btad_original/BTech_Dataset_transformed/03/train/ok/0850.bmp,f0bc7fd917ee8d6e4b4f5088159854415ad434e4386ac7107cd18eaf7c2c0b08,0
/home/test/data/btad_original/BTech_Dataset_transformed/03/train/ok/0851.bmp,640871fd909c6dcb610b4007ae0c7e18ca577cff5697bd2d56e13a24b3997711,0
/home/test/data/btad_original/BTech_Dataset_transformed/03/train/ok/0852.bmp,ebc70c34a101a2ab03191bc21727159ee128f2c2d03ad867b040c7ff1cc7b9c6,0
/home/test/data/btad_original/BTech_Dataset_transformed/03/train/ok/0853.bmp,255627adbe86784baed13b18356ab90b0c1991474862dffce5decb963f77916c,0
/home/test/data/btad_original/BTech_Dataset_transformed/03/train/ok/0854.bmp,63bd83de04d7354eccbbc9dc4d89072b9997a7125b7c9db110b87a83ac2efd30,0
/home/test/data/btad_original/BTech_Dataset_transformed/03/train/ok/0855.bmp,22a4a5b38d55ae1785f5fab5afc339919ed3f4232557e36a01033a9925e3b105,0
/home/test/data/btad_original/BTech_Dataset_transformed/03/train/ok/0856.bmp,d658eaa8a378ce120066a586ab73d78c308d3f6f8f35da25d2bc534fcd2816d7,0
/home/test/data/btad_original/BTech_Dataset_transformed/03/train/ok/0857.bmp,1de9c07884c660a93aa545f716c0def8a787f493553145f045bb93a90addc27a,0
/home/test/data/btad_original/BTech_Dataset_transformed/03/train/ok/0858.bmp,b57dffead08f64125b05e65fb3a30a7b2781cad6592bdf0f5773e879e2a5fb84,0
/home/test/data/btad_original/BTech_Dataset_transformed/03/train/ok/0859.bmp,c33773333b95b628d5bfc78201da84dda909f914a856de8d056253f9d8975f47,0
/home/test/data/btad_original/BTech_Dataset_transformed/03/train/ok/0860.bmp,10a2e82fe52509fe34569dfb0cfe906c156bcbf344b22b2867d2a99b9d451ce2,0
/home/test/data/btad_original/BTech_Dataset_transformed/03/train/ok/0861.bmp,8c137d300ba88c37b37d276d60faa05c6c3449da69153f651fc875fb1b8c8e30,0
/home/test/data/btad_original/BTech_Dataset_transformed/03/train/ok/0862.bmp,22a568e7a74188dd991a38f41125e57d0830271a0326b37920d82677fe7928c4,0
/home/test/data/btad_original/BTech_Dataset_transformed/03/train/ok/0863.bmp,e0ecf4f7cccfe6449dd2e2c6098cf8544a5b5b738d48b0f1fcb74b272df9ff3e,0
/home/test/data/btad_original/BTech_Dataset_transformed/03/train/ok/0864.bmp,be2db01b266d6d93c9bdd8dd6e053ee53822213d8e941cf2588724b1b1668aaa,0
/home/test/data/btad_original/BTech_Dataset_transformed/03/train/ok/0865.bmp,f65045abfe1ad265d828ea9a6e38f9c1a4d631d6d8b4d004ad7bdf4e88e3763c,0
/home/test/data/btad_original/BTech_Dataset_transformed/03/train/ok/0866.bmp,9681774f1272d463c9caa65dd187254a2dc1672b83d396d4f9ed400d66f671ef,0
/home/test/data/btad_original/BTech_Dataset_transformed/03/train/ok/0867.bmp,13bb6d63bdb560e9d65c879e0ec3bcdcf112c986ec72adf4ed6d876beee8b8ee,0
/home/test/data/btad_original/BTech_Dataset_transformed/03/train/ok/0868.bmp,ff763da72c13dfae39d9ab7ed4e99c97ca1fae391d6e42c75f12827535a28b1d,0
/home/test/data/btad_original/BTech_Dataset_transformed/03/train/ok/0869.bmp,ca50d5d603a8d18971d0b0d91a3cbe9e0b281986825b1e7d3a14b5d029a8f85e,0
/home/test/data/btad_original/BTech_Dataset_transformed/03/train/ok/0870.bmp,071c80aca3e3fec467731f1eccc60650d7061b35bdc5449693d4a0aeda76818b,0
/home/test/data/btad_original/BTech_Dataset_transformed/03/train/ok/0871.bmp,c8758328d2802edb8a4aaccbc73eb25e7a6b5ad62911ecc6d91f4167cd30dee9,0
/home/test/data/btad_original/BTech_Dataset_transformed/03/train/ok/0872.bmp,0b65c4f9c26b9680651c21851b47567e6f352797aef862eb25647e46bc018b5d,0
/home/test/data/btad_original/BTech_Dataset_transformed/03/train/ok/0873.bmp,d028d0969110fc54524a962dfeaf7108976220e9d01522793e26450c944cb0e7,0
/home/test/data/btad_original/BTech_Dataset_transformed/03/train/ok/0874.bmp,9f7e45e9fa74b749fb30a9cf125ecacb728a82515be6d4e0a3f748f87335dd74,0
/home/test/data/btad_original/BTech_Dataset_transformed/03/train/ok/0875.bmp,f4cb20df2ba2cd97f8bfc7c118bf00c5c71c7bfd6dce4d90fc684a9142f93a70,0
/home/test/data/btad_original/BTech_Dataset_transformed/03/train/ok/0876.bmp,23329ee9ecb0b061c99d6f2a8f69f9ee7d2e4ee79c5a9df597a50717cbce98ed,0
/home/test/data/btad_original/BTech_Dataset_transformed/03/train/ok/0877.bmp,c97ef6b8f14e1baad0d89303a76c72c2223adefc9da0af613cc671727a0abc06,0
/home/test/data/btad_original/BTech_Dataset_transformed/03/train/ok/0878.bmp,9611b5aa8196f412b07be0f8c4735e2514dd09c68eb6774392e0c2ab7be415e1,0
/home/test/data/btad_original/BTech_Dataset_transformed/03/train/ok/0879.bmp,04b79a5de63bf4de009269ae04015ae4598848ee151fa61744b82de9d6bb5ed7,0
/home/test/data/btad_original/BTech_Dataset_transformed/03/train/ok/0880.bmp,785ff50f8aeda6a4fe44507e001b28a8194a85c51400940ed186f6a2a7ba5caa,0
/home/test/data/btad_original/BTech_Dataset_transformed/03/train/ok/0881.bmp,d6aeb6f17e74a6d47831ffa0c9f8f6c8fd5ca5f5eb08ee812a5e19ab799b017b,0
/home/test/data/btad_original/BTech_Dataset_transformed/03/train/ok/0882.bmp,52c3fed43e1d5be5050a0eb3c8ff13e26c557b25197027ffa513971c60874226,0
/home/test/data/btad_original/BTech_Dataset_transformed/03/train/ok/0883.bmp,23892d2904333a313a9bd4e0a3f68f1b7bc4ce201fae8b027e49b25ab814ed2b,0
/home/test/data/btad_original/BTech_Dataset_transformed/03/train/ok/0884.bmp,0bfee6bec8955716ccff5db59da860eaa5d9887610e34196ff9fe4df2582071a,0
/home/test/data/btad_original/BTech_Dataset_transformed/03/train/ok/0885.bmp,760b1052f315b8a1370f760c4e369022458af739c9194320e5a8107cb1ac431b,0
/home/test/data/btad_original/BTech_Dataset_transformed/03/train/ok/0886.bmp,21409e2198d3cb8f6db95cebeac10e640ebc00c484281033aea89ce3da500d8f,0
/home/test/data/btad_original/BTech_Dataset_transformed/03/train/ok/0887.bmp,67116d810b1e8dc7c076ccea2e1d9988d17a6ad95cede1538b54ff83cdd6d0d2,0
/home/test/data/btad_original/BTech_Dataset_transformed/03/train/ok/0888.bmp,83be81dc119207407de5216ab23b03a84d7caff82e773a4cc54a6cf1e287c71a,0
/home/test/data/btad_original/BTech_Dataset_transformed/03/train/ok/0889.bmp,7db605bf1f1f7f5526c68e4f2208a280c291e2f5199f551c49d32470323e033d,0
/home/test/data/btad_original/BTech_Dataset_transformed/03/train/ok/0890.bmp,ac005144e46ad294a34188dcd99c7ec07db4d1885b3007e615e1557a9453a62e,0
/home/test/data/btad_original/BTech_Dataset_transformed/03/train/ok/0891.bmp,24f53a63ed8d663a998ae9ac567a1e6c2e406e9999df3eb226fb0089e7f596a3,0
/home/test/data/btad_original/BTech_Dataset_transformed/03/train/ok/0892.bmp,9e0d65f00eefb4f53e8c726057db18c9c45cf4d2c6cd0191333c26d8cf3e76a8,0
/home/test/data/btad_original/BTech_Dataset_transformed/03/train/ok/0893.bmp,fec51d211e844e2cbd209990a8bfe3830418689e346c00e36298179b05e89fc0,0
/home/test/data/btad_original/BTech_Dataset_transformed/03/train/ok/0894.bmp,84a88570934bdc8a074fb0fa827aab340b1b5d6e5a2377e6faccfc5bb572880b,0
/home/test/data/btad_original/BTech_Dataset_transformed/03/train/ok/0895.bmp,88e4d60faf5bf664f8f41e1f2b5165cae9806eee05266015d219b37ace92af9d,0
/home/test/data/btad_original/BTech_Dataset_transformed/03/train/ok/0896.bmp,da6e5a6b89723ff0eacb79ffa0b1b6db9c39006f56d5844b482a570291864f46,0
/home/test/data/btad_original/BTech_Dataset_transformed/03/train/ok/0897.bmp,b1bb67f0d32ba381a905b7a525ce222127c27ed333ae4bc0958d402641f4b292,0
/home/test/data/btad_original/BTech_Dataset_transformed/03/train/ok/0898.bmp,c448e7b2090ced7bca7fb180c265130f9037cdbd411dcb70789cb89d9f32cc42,0
/home/test/data/btad_original/BTech_Dataset_transformed/03/train/ok/0899.bmp,d2f6f6de2db3897d53e1e7ab203930ac66d6ae5c269f4e972460a652f253dc75,0
/home/test/data/btad_original/BTech_Dataset_transformed/03/train/ok/0900.bmp,da1140861bdb102ab7b1a606ec30a3d42c3b93905121f0f2af3ebd9469cd5ffa,0
/home/test/data/btad_original/BTech_Dataset_transformed/03/train/ok/0901.bmp,126d77f9a1f4ffcd1c640d3e975b72e9de26aa44a3bc65999391bfd075666d38,0
/home/test/data/btad_original/BTech_Dataset_transformed/03/train/ok/0902.bmp,971898aac790dd6188f25d9866f91cc3ba1bec6de9870de61b96a561410bde88,0
/home/test/data/btad_original/BTech_Dataset_transformed/03/train/ok/0903.bmp,7c9f8c2d71840d7aa7a380d91f5b9d5ccaccfa6b896389b546281a249ee8804c,0
/home/test/data/btad_original/BTech_Dataset_transformed/03/train/ok/0904.bmp,ab4930ed7031a21ff267380c988dd7d79f45609873cf4799546ebaaebc76cbcd,0
/home/test/data/btad_original/BTech_Dataset_transformed/03/train/ok/0905.bmp,75fb6a2b184156afced81f1d9ee9e3cd7f5701b273ffb1be6c95f6254d7cd5e4,0
/home/test/data/btad_original/BTech_Dataset_transformed/03/train/ok/0906.bmp,891339da6ee9584fd5924f239255d4beb1229590bda98482b53fa5e9fe4504a3,0
/home/test/data/btad_original/BTech_Dataset_transformed/03/train/ok/0907.bmp,f2e717cb673d3afc82ec8a2f8c819402e9cd074fae31bba8d3b8b1ed106a77be,0
/home/test/data/btad_original/BTech_Dataset_transformed/03/train/ok/0908.bmp,43ecf13d51d2736db0943b4f6eefea3c84684b80181cc0a3ace0ab51729b989d,0
/home/test/data/btad_original/BTech_Dataset_transformed/03/train/ok/0909.bmp,2060fb2fe04069121776808b22794009664baea64d693c668f3962783961f82c,0
/home/test/data/btad_original/BTech_Dataset_transformed/03/train/ok/0910.bmp,99845bc99e5b009694515292fc65cdcee234456fa603df2e906a5f7812117fd1,0
/home/test/data/btad_original/BTech_Dataset_transformed/03/train/ok/0911.bmp,6c4ecc10cf1c4e219d96a6b1bd16419b61b163ddbd472c5b37517a41962708f1,0
/home/test/data/btad_original/BTech_Dataset_transformed/03/train/ok/0912.bmp,35053c9c03f589c93de9f59bd3024aec45c46ff8952b718b0238e6a6ecdc7e6f,0
/home/test/data/btad_original/BTech_Dataset_transformed/03/train/ok/0913.bmp,9d0ba0e7077d13532bd57257d5d1a5589031ff91883bb6cef264c9293ee94eb5,0
/home/test/data/btad_original/BTech_Dataset_transformed/03/train/ok/0914.bmp,82bf5fee44efdeca837848eae1389861089a6a13368e139c034cb24a6df50cc8,0
/home/test/data/btad_original/BTech_Dataset_transformed/03/train/ok/0915.bmp,310ee92cae0a6fb074317e9a5aa4260a9dca226172736a4fe6ed17ec6d8530fb,0
/home/test/data/btad_original/BTech_Dataset_transformed/03/train/ok/0916.bmp,2cd443f48a4dfca3a56e75b1061bbbf9df8a8aa4c81a8db1c6a6fd34f6973a09,0
/home/test/data/btad_original/BTech_Dataset_transformed/03/train/ok/0917.bmp,bae461a5cd735eef9c7343ca768478fd530c70cdd35189e59acfe6dd75850ed9,0
/home/test/data/btad_original/BTech_Dataset_transformed/03/train/ok/0918.bmp,032ce41940920eb67b83df813ac2ec09c0c2778cedfab67628f66d17c68b8ad4,0
/home/test/data/btad_original/BTech_Dataset_transformed/03/train/ok/0919.bmp,491a87f608139746431730f553deea1bdc989e40b6a2228248d1795213aec44f,0
/home/test/data/btad_original/BTech_Dataset_transformed/03/train/ok/0920.bmp,7dbd5a5990bc57a38c13c535f9218608089e247037b0fa5b58cde7e3a2eed5a9,0
/home/test/data/btad_original/BTech_Dataset_transformed/03/train/ok/0921.bmp,46920232c83ead503cca74fd39a06793222c187b423436522d42032ad8ad1166,0
/home/test/data/btad_original/BTech_Dataset_transformed/03/train/ok/0922.bmp,9bffc38cdfc7535a14f89ee71ca57faddec812802fe970d91904058ec1be907a,0
/home/test/data/btad_original/BTech_Dataset_transformed/03/train/ok/0923.bmp,7dc246b9ef566531f97b436be456c2744bf1ec22c654a5700c3729c5a50c56f3,0
/home/test/data/btad_original/BTech_Dataset_transformed/03/train/ok/0924.bmp,dc0f81803f8ba86e45ec1ec091f4af7975d8284b8bef9cea2cf85b7a65704586,0
/home/test/data/btad_original/BTech_Dataset_transformed/03/train/ok/0925.bmp,d09e22432892bc4bbdce78283652decbdb145ec2dd79ec46410fcdb6e03f1d3d,0
/home/test/data/btad_original/BTech_Dataset_transformed/03/train/ok/0926.bmp,4fa50f65263ee41b515e61526dc8e61279161f02fec5c405e90a37a48df5be28,0
/home/test/data/btad_original/BTech_Dataset_transformed/03/train/ok/0927.bmp,24b176b6c73d956e7b85cf70cdf29a8d6623f00e77dc1a54dcb7f67b07c49085,0
/home/test/data/btad_original/BTech_Dataset_transformed/03/train/ok/0928.bmp,bf1e800a6b4fff51dfec3aa7a1d1388f413854f34a67e7a806208598dd6cb7bc,0
/home/test/data/btad_original/BTech_Dataset_transformed/03/train/ok/0929.bmp,1d4a32adab74bf967fe83452e0665284dd9aaff1dc8dc8eea3444554d4afd0df,0
/home/test/data/btad_original/BTech_Dataset_transformed/03/train/ok/0930.bmp,07a00377d9cadf378eac7665af9ef411ad44f707ab989e0d5277492c2f2c02e4,0
/home/test/data/btad_original/BTech_Dataset_transformed/03/train/ok/0931.bmp,b0d2bb6bbedb9d3e91edbbc51f8f8ce38d6bc182ee0670f5e23f5732438bc202,0
/home/test/data/btad_original/BTech_Dataset_transformed/03/train/ok/0932.bmp,a785a71cf9dc2603941ebe17ce92fe941be03ceffed9ca1e9f8748a83157a6be,0
/home/test/data/btad_original/BTech_Dataset_transformed/03/train/ok/0933.bmp,2415b9fb752b36fa51df940469c2144e4d051bcec35655891b7b40505c6f0f24,0
/home/test/data/btad_original/BTech_Dataset_transformed/03/train/ok/0934.bmp,07dd8016835c93cc9ece8bab8d614aa1d54b7f012860cf4f531db0e73eba7052,0
/home/test/data/btad_original/BTech_Dataset_transformed/03/train/ok/0935.bmp,65eb49035ba91513af318fce904d11190cdf245beaa165cc6215bcd5db0dfd9b,0
/home/test/data/btad_original/BTech_Dataset_transformed/03/train/ok/0936.bmp,4d9804c1711b9a3a8ebaaa338f5a2c8ef03ec936418575ff191940ce9794110b,0
/home/test/data/btad_original/BTech_Dataset_transformed/03/train/ok/0937.bmp,a81592b472438d96c9ac4b9c52b4f5322d6b31c297198ee1fb554b02b171c03d,0
/home/test/data/btad_original/BTech_Dataset_transformed/03/train/ok/0938.bmp,83504d412df8d984a466ed5e929e31c72f14ffc3247dc75c34e4def4bd53477d,0
/home/test/data/btad_original/BTech_Dataset_transformed/03/train/ok/0939.bmp,3f987aad5742afa10cab87145d815142f6a4962e1cec53cba301ee90efb2e09c,0
/home/test/data/btad_original/BTech_Dataset_transformed/03/train/ok/0940.bmp,ac71343c5da375903515f77ed8e51942f4813135997f3d63cc706ba915dc25d1,0
/home/test/data/btad_original/BTech_Dataset_transformed/03/train/ok/0941.bmp,1f95697b718c25beee2f6d257737534601671472034aa3898be8672964959d24,0
/home/test/data/btad_original/BTech_Dataset_transformed/03/train/ok/0942.bmp,1873e9598c0303678833859fd835701ce31f66f3f86aa1578c4e6b727eb09684,0
/home/test/data/btad_original/BTech_Dataset_transformed/03/train/ok/0943.bmp,c6c8ed8f68052cd16026355f2a086e6e70468da4a879c9f277141bbc647c3118,0
/home/test/data/btad_original/BTech_Dataset_transformed/03/train/ok/0944.bmp,22ce453a0e0eb8543145d9e5f7cadfe026a1a59189ebb4924c0076544112c5c0,0
/home/test/data/btad_original/BTech_Dataset_transformed/03/train/ok/0945.bmp,45241bb35b1f5af18c61b850200ffc1540b826e3c774532cd6c15d2225d1859c,0
/home/test/data/btad_original/BTech_Dataset_transformed/03/train/ok/0946.bmp,b822b64c6ba5b9f71d76e00620aa977f1c6db207c730ff57d46d2df4b4b3b38e,0
/home/test/data/btad_original/BTech_Dataset_transformed/03/train/ok/0947.bmp,6ea684c07b66a134acedca48366eb0098ab9b867c96eded821bd4647f73a51f1,0
/home/test/data/btad_original/BTech_Dataset_transformed/03/train/ok/0948.bmp,1f2df8d02c1aba9bd2ed6dc9730c80985cae141b6dce768fbfe520715711cbfe,0
/home/test/data/btad_original/BTech_Dataset_transformed/03/train/ok/0949.bmp,f4917e26063f800ff7822dff00e03a9edb9a2de84f17835599d4fee60a087c89,0
/home/test/data/btad_original/BTech_Dataset_transformed/03/train/ok/0950.bmp,de1703e26ccde66819fc4aafee3f381354641beca2a9b347855f375b45ef30d3,0
/home/test/data/btad_original/BTech_Dataset_transformed/03/train/ok/0951.bmp,37ecbef97d38be8204a0c7221f7a6b70e62dcd37f4abdcb68fb4b1814333874c,0
/home/test/data/btad_original/BTech_Dataset_transformed/03/train/ok/0952.bmp,ea336e1adb8dd2b3f3e3a876d6867e6fc4623d4e4a17d930c1bc2d452cd16cf5,0
/home/test/data/btad_original/BTech_Dataset_transformed/03/train/ok/0953.bmp,c8b35a3fb2a2dc1ba2aa765993bf778399bc673d4fc156e59796c2d8eb07c06c,0
/home/test/data/btad_original/BTech_Dataset_transformed/03/train/ok/0954.bmp,09fb2f2db7178d5bc59f5e24f6f1d83088a43f049ac0fe1c8a5f44d6c5892564,0
/home/test/data/btad_original/BTech_Dataset_transformed/03/train/ok/0955.bmp,feacea51c030fde7cf4e5aff74352d3c967b46d1e8b5f781a64c65539c92a842,0
/home/test/data/btad_original/BTech_Dataset_transformed/03/train/ok/0956.bmp,70117b475c5e9bfc8f136a768056adbee593c93d9ec2640783cb961c4b4f801e,0
/home/test/data/btad_original/BTech_Dataset_transformed/03/train/ok/0957.bmp,7dbcb797fee8f35bb0a08ea4cb0423a3ae4f32ca112100c3c750aed5efc9609a,0
/home/test/data/btad_original/BTech_Dataset_transformed/03/train/ok/0958.bmp,0d03c24eb706bb0ac194ab62a6ee21bef5c9dcb083d793117e5997335267ceea,0
/home/test/data/btad_original/BTech_Dataset_transformed/03/train/ok/0959.bmp,1bc0b919a81ff7d1aaf1bed8dd9012536b921a731085a20198766b2278927d36,0
/home/test/data/btad_original/BTech_Dataset_transformed/03/train/ok/0960.bmp,dea7a2debcfbc5471c84cfe5125a336fb1b135b747677713fe6b9318c5b8b64e,0
/home/test/data/btad_original/BTech_Dataset_transformed/03/train/ok/0961.bmp,f9dd4afd81743ca17d04b0fee8b36079e17ed265ff7e5126d14c6a29702b3483,0
/home/test/data/btad_original/BTech_Dataset_transformed/03/train/ok/0962.bmp,5a4e17b51c5c3e2e6818247cd10da8b37c1b625973061be53ec14593a2aa7283,0
/home/test/data/btad_original/BTech_Dataset_transformed/03/train/ok/0963.bmp,93a3c94f95c37a203d71ddf40d20e56641545f7ff187530e0a2386b92efca421,0
/home/test/data/btad_original/BTech_Dataset_transformed/03/train/ok/0964.bmp,dd5d900416f161bd946c8400396a88300729464d5ec742e874c4b00fba5cd378,0
/home/test/data/btad_original/BTech_Dataset_transformed/03/train/ok/0965.bmp,f1256362234fbfdf7130d42f1f109d2f5630acf429bbd48400a65df9803756fb,0
/home/test/data/btad_original/BTech_Dataset_transformed/03/train/ok/0966.bmp,968a83a7b095471fa8d1b871d568685af373186fa7495e27ef233ad31f21fefe,0
/home/test/data/btad_original/BTech_Dataset_transformed/03/train/ok/0967.bmp,c2f4078d4873e07404e1dd1c45a41a71967133801aa0c0c2dff107387c76e9c0,0
/home/test/data/btad_original/BTech_Dataset_transformed/03/train/ok/0968.bmp,5fadd352434ac7e3ea8244459379a82d894274bef838291bd8ba63820e7e9af1,0
/home/test/data/btad_original/BTech_Dataset_transformed/03/train/ok/0969.bmp,2b99648ed010c133657957b7216e938220e24e8a5e0319360fd960a4e95b710a,0
/home/test/data/btad_original/BTech_Dataset_transformed/03/train/ok/0970.bmp,56cf0b9e07ec5cf53f683a173f01a043f2aff474dbda72e123aa5193c43d7148,0
/home/test/data/btad_original/BTech_Dataset_transformed/03/train/ok/0971.bmp,3daff27b05ba3a0cb87c118aacd59a8098e48da1430745ebfcec5af2203086ed,0
/home/test/data/btad_original/BTech_Dataset_transformed/03/train/ok/0972.bmp,2737f9ed2f401811c90b6d1b20e8d9cb3bfd8614ec063e8c54223645ee4e1b22,0
/home/test/data/btad_original/BTech_Dataset_transformed/03/train/ok/0973.bmp,36cd125f42138741b00b7c90d49c4501d4a9ef6b2d6bd9e32567694d98203495,0
/home/test/data/btad_original/BTech_Dataset_transformed/03/train/ok/0974.bmp,96bc34f4caedd07cb2d7359af951297d43514f3c82ce2b3c2aaeaf719789e74e,0
/home/test/data/btad_original/BTech_Dataset_transformed/03/train/ok/0975.bmp,588d720b99ed887ab00db13506b0a75799c42ffd6956b9126c21aba2bc749161,0
/home/test/data/btad_original/BTech_Dataset_transformed/03/train/ok/0976.bmp,bcd8cfd0f03aa2df8ed6690804a6b0d7fef082995c42e278c0a7ce11bc2caeed,0
/home/test/data/btad_original/BTech_Dataset_transformed/03/train/ok/0977.bmp,46085ee8327b715081a309acea03e2016526312e92dec5c2aa6a4adaf981d893,0
/home/test/data/btad_original/BTech_Dataset_transformed/03/train/ok/0978.bmp,e4bd52649ce844bf36f1fb85b93ec001cc83b685a277a6c61bab949b32880bdf,0
/home/test/data/btad_original/BTech_Dataset_transformed/03/train/ok/0979.bmp,012d8135cb754c53edad0b2d2c14b4ba25062ed9a670f54b6b75c73a9595de6a,0
/home/test/data/btad_original/BTech_Dataset_transformed/03/train/ok/0980.bmp,13324e4747485d79d1a96d5ebce0c49308896e08b4f57f97f4616848792da045,0
/home/test/data/btad_original/BTech_Dataset_transformed/03/train/ok/0981.bmp,a8bcad93d667fe7ef7afb19d38601c06699e9ca5956c3d27e00339d540aabc91,0
/home/test/data/btad_original/BTech_Dataset_transformed/03/train/ok/0982.bmp,fa6b8fd208728c1a75f1182ce445ffab2527d91433cce7faf7b884099adf72f4,0
/home/test/data/btad_original/BTech_Dataset_transformed/03/train/ok/0983.bmp,487201c9590bf4a0508bfe601c82143ad62a0e76597935c34c44bc2add90e320,0
/home/test/data/btad_original/BTech_Dataset_transformed/03/train/ok/0984.bmp,d856b80af40a84806ba894444d865de532745410a33aa2b6dab43dc5b654a42e,0
/home/test/data/btad_original/BTech_Dataset_transformed/03/train/ok/0985.bmp,c1562f94e1ebbdf2d8d73b6d4dd2cdf085f2dcae651178a7b0594c9acb14954d,0
/home/test/data/btad_original/BTech_Dataset_transformed/03/train/ok/0986.bmp,a9f02d41432d5bf861aac263bd020dab6579e160f48a398039eb4089b1f898f8,0
/home/test/data/btad_original/BTech_Dataset_transformed/03/train/ok/0987.bmp,9bd340aef4dba33b9e62214bbf6229ab9826da1c80780a65a4af757575b0dbec,0
/home/test/data/btad_original/BTech_Dataset_transformed/03/train/ok/0988.bmp,0baec05ebf12d098b0fdba0abb450d9702c951fba8dff0e11dbd4eee02bc199b,0
/home/test/data/btad_original/BTech_Dataset_transformed/03/train/ok/0989.bmp,c87ce667502ef733dd90664252b67a103f07a502ef30d677c0b2a619898cab23,0
/home/test/data/btad_original/BTech_Dataset_transformed/03/train/ok/0990.bmp,76ed4ee92c2c4403145ec598c7b594961a283150cb9141d01d17cac97be4a388,0
/home/test/data/btad_original/BTech_Dataset_transformed/03/train/ok/0991.bmp,c3796c49f81d8a164b5727b234a7a736245363a9b86501d71ab1e88c893a7f89,0
/home/test/data/btad_original/BTech_Dataset_transformed/03/train/ok/0992.bmp,e5835ae40fd947ddb3b7b7b43b88845cd27d57616024ab6a289a81a0fccfec04,0
/home/test/data/btad_original/BTech_Dataset_transformed/03/train/ok/0993.bmp,5afce77d5ef50746b5dc996f695369d153f12feadded4cf88745a51b1870fa72,0
/home/test/data/btad_original/BTech_Dataset_transformed/03/train/ok/0994.bmp,9aaeb106518b36e254774755b7fdef19fb058f8690d00478d9a03989aa93ada4,0
/home/test/data/btad_original/BTech_Dataset_transformed/03/train/ok/0995.bmp,1590891b2c9b3e41a226ce88b713cab97ca9f26ca8a5a88abde25cc24d00ca49,0
/home/test/data/btad_original/BTech_Dataset_transformed/03/train/ok/0996.bmp,ed013f65a5639ae5020f3c3729ec932d11d42f477d61c2feb4006b79266e2fa2,0
/home/test/data/btad_original/BTech_Dataset_transformed/03/train/ok/0997.bmp,d7410c571c671932d022b966ba41bb0b98700cbc30917b056416f48724895d0b,0
/home/test/data/btad_original/BTech_Dataset_transformed/03/train/ok/0998.bmp,5f4662cf6cdfbeb7417096751b2109323a177db23eeb5780cdf7024bfdb9de13,0
/home/test/data/btad_original/BTech_Dataset_transformed/03/train/ok/0999.bmp,bb4b1e60836886ab48cc264e34eaacc30b1b68f871d1b7e5468aaf9f21b96d6e,0
